seq,description,document,href,type,size
1,10-Q,ecl-20190331x10q.htm,https://www.sec.gov/Archives/edgar/data/31462/000155837019003797/ecl-20190331x10q.htm,10-Q,4807303
2,EX-10.3,ecl-20190331ex103a84689.htm,https://www.sec.gov/Archives/edgar/data/31462/000155837019003797/ecl-20190331ex103a84689.htm,EX-10.3,24974
3,EX-15.1,ecl-20190331ex151de59b3.htm,https://www.sec.gov/Archives/edgar/data/31462/000155837019003797/ecl-20190331ex151de59b3.htm,EX-15.1,11421
4,EX-31.1,ecl-20190331ex311009c11.htm,https://www.sec.gov/Archives/edgar/data/31462/000155837019003797/ecl-20190331ex311009c11.htm,EX-31.1,15096
5,EX-31.2,ecl-20190331ex3124294aa.htm,https://www.sec.gov/Archives/edgar/data/31462/000155837019003797/ecl-20190331ex3124294aa.htm,EX-31.2,18981
6,EX-32.1,ecl-20190331ex321dde92b.htm,https://www.sec.gov/Archives/edgar/data/31462/000155837019003797/ecl-20190331ex321dde92b.htm,EX-32.1,10045
NA,Complete submission text file,0001558370-19-003797.txt,https://www.sec.gov/Archives/edgar/data/31462/000155837019003797/0001558370-19-003797.txt, ,17612240
7,EX-101.INS,ecl-20190331.xml,https://www.sec.gov/Archives/edgar/data/31462/000155837019003797/ecl-20190331.xml,EX-101.INS,4958220
8,EX-101.SCH,ecl-20190331.xsd,https://www.sec.gov/Archives/edgar/data/31462/000155837019003797/ecl-20190331.xsd,EX-101.SCH,64696
9,EX-101.CAL,ecl-20190331_cal.xml,https://www.sec.gov/Archives/edgar/data/31462/000155837019003797/ecl-20190331_cal.xml,EX-101.CAL,102694
10,EX-101.DEF,ecl-20190331_def.xml,https://www.sec.gov/Archives/edgar/data/31462/000155837019003797/ecl-20190331_def.xml,EX-101.DEF,269447
11,EX-101.LAB,ecl-20190331_lab.xml,https://www.sec.gov/Archives/edgar/data/31462/000155837019003797/ecl-20190331_lab.xml,EX-101.LAB,673951
12,EX-101.PRE,ecl-20190331_pre.xml,https://www.sec.gov/Archives/edgar/data/31462/000155837019003797/ecl-20190331_pre.xml,EX-101.PRE,469800
