seq,description,document,href,type,size
1,1Q 2018 10-Q,a1q10q04-01x18.htm,https://www.sec.gov/Archives/edgar/data/200406/000020040618000019/a1q10q04-01x18.htm,10-Q,1876032
2,EXHIBIT 10.1,ex101-globalnonqualifiedst.htm,https://www.sec.gov/Archives/edgar/data/200406/000020040618000019/ex101-globalnonqualifiedst.htm,EX-10.1,85152
3,EXHIBIT 10.2,ex102-globalrestrictedshar.htm,https://www.sec.gov/Archives/edgar/data/200406/000020040618000019/ex102-globalrestrictedshar.htm,EX-10.2,76631
4,EXHIBIT 10.3,ex103-globalperformancesha.htm,https://www.sec.gov/Archives/edgar/data/200406/000020040618000019/ex103-globalperformancesha.htm,EX-10.3,88118
5,EXHIBIT 31.1 CEO CERTIFICATION,a201810-q1qexhibit311ceoce.htm,https://www.sec.gov/Archives/edgar/data/200406/000020040618000019/a201810-q1qexhibit311ceoce.htm,EX-31.1,9407
6,EXHIBIT 31.2 CFO CERTIFICATION,a201810-q1qexhibit312cfoce.htm,https://www.sec.gov/Archives/edgar/data/200406/000020040618000019/a201810-q1qexhibit312cfoce.htm,EX-31.2,10106
7,EXHIBIT 32.1 CEO 906 CERTIFICATION,a201810-q1qexhibit321ceoce.htm,https://www.sec.gov/Archives/edgar/data/200406/000020040618000019/a201810-q1qexhibit321ceoce.htm,EX-32.1,11502
8,EXHIBIT 32.2 CFO CERTIFICATION 906,a201810-q1qexhibit322cfoce.htm,https://www.sec.gov/Archives/edgar/data/200406/000020040618000019/a201810-q1qexhibit322cfoce.htm,EX-32.2,12016
15,,chart-480ebed5607e5a7bfe1.jpg,https://www.sec.gov/Archives/edgar/data/200406/000020040618000019/chart-480ebed5607e5a7bfe1.jpg,GRAPHIC,29469
16,,chart-d829aa258abb7dd4948.jpg,https://www.sec.gov/Archives/edgar/data/200406/000020040618000019/chart-d829aa258abb7dd4948.jpg,GRAPHIC,33327
17,,jnjlogoa03a01a01a01a01a09.jpg,https://www.sec.gov/Archives/edgar/data/200406/000020040618000019/jnjlogoa03a01a01a01a01a09.jpg,GRAPHIC,4649
NA,Complete submission text file,0000200406-18-000019.txt,https://www.sec.gov/Archives/edgar/data/200406/000020040618000019/0000200406-18-000019.txt, ,12784821
9,XBRL INSTANCE DOCUMENT,jnj-20180401.xml,https://www.sec.gov/Archives/edgar/data/200406/000020040618000019/jnj-20180401.xml,EX-101.INS,3655394
10,XBRL TAXONOMY EXTENSION SCHEMA DOCUMENT,jnj-20180401.xsd,https://www.sec.gov/Archives/edgar/data/200406/000020040618000019/jnj-20180401.xsd,EX-101.SCH,67675
11,XBRL TAXONOMY EXTENSION CALCULATION LINKBASE DOCUMENT,jnj-20180401_cal.xml,https://www.sec.gov/Archives/edgar/data/200406/000020040618000019/jnj-20180401_cal.xml,EX-101.CAL,109871
12,XBRL TAXONOMY EXTENSION DEFINITION LINKBASE DOCUMENT,jnj-20180401_def.xml,https://www.sec.gov/Archives/edgar/data/200406/000020040618000019/jnj-20180401_def.xml,EX-101.DEF,408363
13,XBRL TAXONOMY EXTENSION LABEL LINKBASE DOCUMENT,jnj-20180401_lab.xml,https://www.sec.gov/Archives/edgar/data/200406/000020040618000019/jnj-20180401_lab.xml,EX-101.LAB,923141
14,XBRL TAXONOMY EXTENSION PRESENTATION LINKBASE DOCUMENT,jnj-20180401_pre.xml,https://www.sec.gov/Archives/edgar/data/200406/000020040618000019/jnj-20180401_pre.xml,EX-101.PRE,556879
