seq,description,document,href,type,size
1,"NEE JUNE 30, 2015 FORM 10-Q",nee10q2q2015.htm,https://www.sec.gov/Archives/edgar/data/37634/000075330815000206/nee10q2q2015.htm,10-Q,3487389
2,EXHIBIT 12.(A),nee-06302015xex12a.htm,https://www.sec.gov/Archives/edgar/data/37634/000075330815000206/nee-06302015xex12a.htm,EX-12.(A),17152
3,EXHIBIT 12.(B),nee-06302015xex12b.htm,https://www.sec.gov/Archives/edgar/data/37634/000075330815000206/nee-06302015xex12b.htm,EX-12.(B),13724
4,EXHIBIT 31.(A),nee-06302015xex31a.htm,https://www.sec.gov/Archives/edgar/data/37634/000075330815000206/nee-06302015xex31a.htm,EX-31.(A),14152
5,EXHIBIT 31.(B),nee-06302015xex31b.htm,https://www.sec.gov/Archives/edgar/data/37634/000075330815000206/nee-06302015xex31b.htm,EX-31.(B),14129
6,EXHIBIT 31.(C),nee-06302015xex31c.htm,https://www.sec.gov/Archives/edgar/data/37634/000075330815000206/nee-06302015xex31c.htm,EX-31.(C),14155
7,EXHIBIT 31.(D),nee-06302015xex31d.htm,https://www.sec.gov/Archives/edgar/data/37634/000075330815000206/nee-06302015xex31d.htm,EX-31.(D),14446
8,EXHIBIT 32.(A),nee-06302015xex32a.htm,https://www.sec.gov/Archives/edgar/data/37634/000075330815000206/nee-06302015xex32a.htm,EX-32.(A),11463
9,EXHIBIT 32.(B),nee-06302015xex32b.htm,https://www.sec.gov/Archives/edgar/data/37634/000075330815000206/nee-06302015xex32b.htm,EX-32.(B),11310
16,FLORIDA POWER & LIGHT COMPANY LOGO,fpla05a04a04a02.jpg,https://www.sec.gov/Archives/edgar/data/37634/000075330815000206/fpla05a04a04a02.jpg,GRAPHIC,458302
17,"NEXTERA ENERGY, INC. LOGO",nexteraenergya04a04a04a02.jpg,https://www.sec.gov/Archives/edgar/data/37634/000075330815000206/nexteraenergya04a04a04a02.jpg,GRAPHIC,297471
NA,Complete submission text file,0000753308-15-000206.txt,https://www.sec.gov/Archives/edgar/data/37634/000075330815000206/0000753308-15-000206.txt, ,18881700
10,XBRL INSTANCE DOCUMENT,nee-20150630.xml,https://www.sec.gov/Archives/edgar/data/37634/000075330815000206/nee-20150630.xml,EX-101.INS,5390399
11,XBRL TAXONOMY EXTENSION SCHEMA DOCUMENT,nee-20150630.xsd,https://www.sec.gov/Archives/edgar/data/37634/000075330815000206/nee-20150630.xsd,EX-101.SCH,96600
12,XBRL TAXONOMY EXTENSION CALCULATION LINKBASE DOCUMENT,nee-20150630_cal.xml,https://www.sec.gov/Archives/edgar/data/37634/000075330815000206/nee-20150630_cal.xml,EX-101.CAL,103620
13,XBRL TAXONOMY EXTENSION DEFINITION LINKBASE DOCUMENT,nee-20150630_def.xml,https://www.sec.gov/Archives/edgar/data/37634/000075330815000206/nee-20150630_def.xml,EX-101.DEF,512988
14,XBRL TAXONOMY EXTENSION LABEL LINKBASE DOCUMENT,nee-20150630_lab.xml,https://www.sec.gov/Archives/edgar/data/37634/000075330815000206/nee-20150630_lab.xml,EX-101.LAB,1055286
15,XBRL TAXONOMY EXTENSION PRESENTATION LINKBASE DOCUMENT,nee-20150630_pre.xml,https://www.sec.gov/Archives/edgar/data/37634/000075330815000206/nee-20150630_pre.xml,EX-101.PRE,586959
