seq,description,document,href,type,size
1,10-K,nee-12312016x10k.htm,https://www.sec.gov/Archives/edgar/data/37634/000075330817000060/nee-12312016x10k.htm,10-K,5421702
2,EXHIBIT 4.CC,nee-12312016ex4cc.htm,https://www.sec.gov/Archives/edgar/data/37634/000075330817000060/nee-12312016ex4cc.htm,EX-4.CC,31855
3,EXHIBIT 4.HH,nee-12312016ex4hh.htm,https://www.sec.gov/Archives/edgar/data/37634/000075330817000060/nee-12312016ex4hh.htm,EX-4.HH,26469
4,EXHIBIT 10.LL,nee-12312016ex10ll.htm,https://www.sec.gov/Archives/edgar/data/37634/000075330817000060/nee-12312016ex10ll.htm,EX-10.LL,13167
5,EXHIBIT 10.YY,nee-12312016ex10yy.htm,https://www.sec.gov/Archives/edgar/data/37634/000075330817000060/nee-12312016ex10yy.htm,EX-10.YY,40600
6,EXHIBIT 12.A,nee-12312016ex12a.htm,https://www.sec.gov/Archives/edgar/data/37634/000075330817000060/nee-12312016ex12a.htm,EX-12.A,69411
7,EXHIBIT 12.B,nee-12312016ex12b.htm,https://www.sec.gov/Archives/edgar/data/37634/000075330817000060/nee-12312016ex12b.htm,EX-12.B,53761
8,EXHIBIT 21,nee-12312016ex21.htm,https://www.sec.gov/Archives/edgar/data/37634/000075330817000060/nee-12312016ex21.htm,EX-21,10340
9,EXHIBIT 23,nee-12312016ex23.htm,https://www.sec.gov/Archives/edgar/data/37634/000075330817000060/nee-12312016ex23.htm,EX-23,16418
10,EXHIBIT 31.A,nee-12312016ex31a.htm,https://www.sec.gov/Archives/edgar/data/37634/000075330817000060/nee-12312016ex31a.htm,EX-31.A,12293
11,EXHIBIT 31.B,nee-12312016ex31b.htm,https://www.sec.gov/Archives/edgar/data/37634/000075330817000060/nee-12312016ex31b.htm,EX-31.B,12471
12,EXHIBIT 31.C,nee-12312016ex31c.htm,https://www.sec.gov/Archives/edgar/data/37634/000075330817000060/nee-12312016ex31c.htm,EX-31.C,12368
13,EXHIBIT 31.D,nee-12312016ex31d.htm,https://www.sec.gov/Archives/edgar/data/37634/000075330817000060/nee-12312016ex31d.htm,EX-31.D,12500
14,EXHIBIT 32.A,nee-12312016ex32a.htm,https://www.sec.gov/Archives/edgar/data/37634/000075330817000060/nee-12312016ex32a.htm,EX-32.A,9229
15,EXHIBIT 32.B,nee-12312016ex32b.htm,https://www.sec.gov/Archives/edgar/data/37634/000075330817000060/nee-12312016ex32b.htm,EX-32.B,9338
16,EXHIBIT 99,nee-12312016ex99.htm,https://www.sec.gov/Archives/edgar/data/37634/000075330817000060/nee-12312016ex99.htm,EX-99,1441491
23,,compareresidentialbill2016.jpg,https://www.sec.gov/Archives/edgar/data/37634/000075330817000060/compareresidentialbill2016.jpg,GRAPHIC,41682
24,,customeraccounts.jpg,https://www.sec.gov/Archives/edgar/data/37634/000075330817000060/customeraccounts.jpg,GRAPHIC,39296
25,,fiveyearreturncomparisona01.gif,https://www.sec.gov/Archives/edgar/data/37634/000075330817000060/fiveyearreturncomparisona01.gif,GRAPHIC,54841
26,,fpl.jpg,https://www.sec.gov/Archives/edgar/data/37634/000075330817000060/fpl.jpg,GRAPHIC,458302
27,,fplserviceterrotorya01.jpg,https://www.sec.gov/Archives/edgar/data/37634/000075330817000060/fplserviceterrotorya01.jpg,GRAPHIC,203217
28,,nee-1231201_chartx27681.jpg,https://www.sec.gov/Archives/edgar/data/37634/000075330817000060/nee-1231201_chartx27681.jpg,GRAPHIC,30090
29,,nee-1231201_chartx28121.jpg,https://www.sec.gov/Archives/edgar/data/37634/000075330817000060/nee-1231201_chartx28121.jpg,GRAPHIC,23511
30,,nee-1231201_chartx28722.jpg,https://www.sec.gov/Archives/edgar/data/37634/000075330817000060/nee-1231201_chartx28722.jpg,GRAPHIC,24963
31,,nee-1231201_chartx29472.jpg,https://www.sec.gov/Archives/edgar/data/37634/000075330817000060/nee-1231201_chartx29472.jpg,GRAPHIC,22672
32,,nee-1231201_chartx30618.jpg,https://www.sec.gov/Archives/edgar/data/37634/000075330817000060/nee-1231201_chartx30618.jpg,GRAPHIC,23726
33,,nee-1231201_chartx31730.jpg,https://www.sec.gov/Archives/edgar/data/37634/000075330817000060/nee-1231201_chartx31730.jpg,GRAPHIC,26785
34,,nee-1231201_chartx32751.jpg,https://www.sec.gov/Archives/edgar/data/37634/000075330817000060/nee-1231201_chartx32751.jpg,GRAPHIC,24062
35,,neeorganizationalchart_2016.gif,https://www.sec.gov/Archives/edgar/data/37634/000075330817000060/neeorganizationalchart_2016.gif,GRAPHIC,44230
36,,neergeneratingfacilitiesa03.jpg,https://www.sec.gov/Archives/edgar/data/37634/000075330817000060/neergeneratingfacilitiesa03.jpg,GRAPHIC,741145
37,,neerisomb.jpg,https://www.sec.gov/Archives/edgar/data/37634/000075330817000060/neerisomb.jpg,GRAPHIC,717713
38,,nexteraenergy.jpg,https://www.sec.gov/Archives/edgar/data/37634/000075330817000060/nexteraenergy.jpg,GRAPHIC,297471
39,,operatingrevenues.jpg,https://www.sec.gov/Archives/edgar/data/37634/000075330817000060/operatingrevenues.jpg,GRAPHIC,48815
NA,Complete submission text file,0000753308-17-000060.txt,https://www.sec.gov/Archives/edgar/data/37634/000075330817000060/0000753308-17-000060.txt, ,34487644
17,XBRL INSTANCE DOCUMENT,nee-20161231.xml,https://www.sec.gov/Archives/edgar/data/37634/000075330817000060/nee-20161231.xml,EX-101.INS,8180511
18,XBRL TAXONOMY EXTENSION SCHEMA DOCUMENT,nee-20161231.xsd,https://www.sec.gov/Archives/edgar/data/37634/000075330817000060/nee-20161231.xsd,EX-101.SCH,179384
19,XBRL TAXONOMY EXTENSION CALCULATION LINKBASE DOCUMENT,nee-20161231_cal.xml,https://www.sec.gov/Archives/edgar/data/37634/000075330817000060/nee-20161231_cal.xml,EX-101.CAL,190341
20,XBRL TAXONOMY EXTENSION DEFINITION LINKBASE DOCUMENT,nee-20161231_def.xml,https://www.sec.gov/Archives/edgar/data/37634/000075330817000060/nee-20161231_def.xml,EX-101.DEF,989138
21,XBRL TAXONOMY EXTENSION LABEL LINKBASE DOCUMENT,nee-20161231_lab.xml,https://www.sec.gov/Archives/edgar/data/37634/000075330817000060/nee-20161231_lab.xml,EX-101.LAB,1959654
22,XBRL TAXONOMY EXTENSION PRESENTATION LINKBASE DOCUMENT,nee-20161231_pre.xml,https://www.sec.gov/Archives/edgar/data/37634/000075330817000060/nee-20161231_pre.xml,EX-101.PRE,1119280
