seq,description,document,href,type,size
1,10-Q,nee10q2q2019.htm,https://www.sec.gov/Archives/edgar/data/37634/000075330819000165/nee10q2q2019.htm,10-Q,4874453
2,EXHIBIT 31.A,nee-q22019xex31a.htm,https://www.sec.gov/Archives/edgar/data/37634/000075330819000165/nee-q22019xex31a.htm,EX-31.A,14148
3,EXHIBIT 31.B,nee-q22019xex31b.htm,https://www.sec.gov/Archives/edgar/data/37634/000075330819000165/nee-q22019xex31b.htm,EX-31.B,13799
4,EXHIBIT 31.C,nee-q22019xex31c.htm,https://www.sec.gov/Archives/edgar/data/37634/000075330819000165/nee-q22019xex31c.htm,EX-31.C,14151
5,EXHIBIT 31.D,nee-q22019xex31d.htm,https://www.sec.gov/Archives/edgar/data/37634/000075330819000165/nee-q22019xex31d.htm,EX-31.D,14442
6,EXHIBIT 32.A,nee-q22019xex32a.htm,https://www.sec.gov/Archives/edgar/data/37634/000075330819000165/nee-q22019xex32a.htm,EX-32.A,11444
7,EXHIBIT 32.B,nee-q22019xex32b.htm,https://www.sec.gov/Archives/edgar/data/37634/000075330819000165/nee-q22019xex32b.htm,EX-32.B,11462
13,FPL LOGO,fpl.jpg,https://www.sec.gov/Archives/edgar/data/37634/000075330819000165/fpl.jpg,GRAPHIC,57468
14,NEE LOGO,nexteraenergy.jpg,https://www.sec.gov/Archives/edgar/data/37634/000075330819000165/nexteraenergy.jpg,GRAPHIC,297471
NA,Complete submission text file,0000753308-19-000165.txt,https://www.sec.gov/Archives/edgar/data/37634/000075330819000165/0000753308-19-000165.txt, ,21587994
8,XBRL TAXONOMY EXTENSION SCHEMA DOCUMENT,nee-20190630.xsd,https://www.sec.gov/Archives/edgar/data/37634/000075330819000165/nee-20190630.xsd,EX-101.SCH,89210
9,XBRL TAXONOMY EXTENSION CALCULATION LINKBASE DOCUMENT,nee-20190630_cal.xml,https://www.sec.gov/Archives/edgar/data/37634/000075330819000165/nee-20190630_cal.xml,EX-101.CAL,138607
10,XBRL TAXONOMY EXTENSION DEFINITION LINKBASE DOCUMENT,nee-20190630_def.xml,https://www.sec.gov/Archives/edgar/data/37634/000075330819000165/nee-20190630_def.xml,EX-101.DEF,598845
11,XBRL TAXONOMY EXTENSION LABEL LINKBASE DOCUMENT,nee-20190630_lab.xml,https://www.sec.gov/Archives/edgar/data/37634/000075330819000165/nee-20190630_lab.xml,EX-101.LAB,1120247
12,XBRL TAXONOMY EXTENSION PRESENTATION LINKBASE DOCUMENT,nee-20190630_pre.xml,https://www.sec.gov/Archives/edgar/data/37634/000075330819000165/nee-20190630_pre.xml,EX-101.PRE,676794
15,EXTRACTED XBRL INSTANCE DOCUMENT,nee10q2q2019_htm.xml,https://www.sec.gov/Archives/edgar/data/37634/000075330819000165/nee10q2q2019_htm.xml,XML,5639894
