seq,description,document,href,type,size
1,10-K,fb-12312016x10k.htm,https://www.sec.gov/Archives/edgar/data/1326801/000132680117000007/fb-12312016x10k.htm,10-K,2452404
2,EXHIBIT 10.5,fb-12312016x10kexhibit105.htm,https://www.sec.gov/Archives/edgar/data/1326801/000132680117000007/fb-12312016x10kexhibit105.htm,EX-10.5,23255
3,EXHIBIT 21.1,fb-12312016x10kexhibit211.htm,https://www.sec.gov/Archives/edgar/data/1326801/000132680117000007/fb-12312016x10kexhibit211.htm,EX-21.1,4502
4,EXHIBIT 23.1,fb-12312016x10kexhibit231.htm,https://www.sec.gov/Archives/edgar/data/1326801/000132680117000007/fb-12312016x10kexhibit231.htm,EX-23.1,5544
5,EXHIBIT 31.1,fb-12312016x10kexhibit311.htm,https://www.sec.gov/Archives/edgar/data/1326801/000132680117000007/fb-12312016x10kexhibit311.htm,EX-31.1,12784
6,EXHIBIT 31.2,fb-12312016x10kexhibit312.htm,https://www.sec.gov/Archives/edgar/data/1326801/000132680117000007/fb-12312016x10kexhibit312.htm,EX-31.2,12883
7,EXHIBIT 32.1,fb-12312016x10kexhibit321.htm,https://www.sec.gov/Archives/edgar/data/1326801/000132680117000007/fb-12312016x10kexhibit321.htm,EX-32.1,9374
8,EXHIBIT 32.2,fb-12312016x10kexhibit322.htm,https://www.sec.gov/Archives/edgar/data/1326801/000132680117000007/fb-12312016x10kexhibit322.htm,EX-32.2,9306
15,,daus10kscreenshota01.jpg,https://www.sec.gov/Archives/edgar/data/1326801/000132680117000007/daus10kscreenshota01.jpg,GRAPHIC,150822
16,,mau10kscreenshota03.jpg,https://www.sec.gov/Archives/edgar/data/1326801/000132680117000007/mau10kscreenshota03.jpg,GRAPHIC,130889
17,,revenue10kuploada02.jpg,https://www.sec.gov/Archives/edgar/data/1326801/000132680117000007/revenue10kuploada02.jpg,GRAPHIC,195051
18,,stockperfgraph.jpg,https://www.sec.gov/Archives/edgar/data/1326801/000132680117000007/stockperfgraph.jpg,GRAPHIC,169950
19,,usermetricsfbimage123115a04.jpg,https://www.sec.gov/Archives/edgar/data/1326801/000132680117000007/usermetricsfbimage123115a04.jpg,GRAPHIC,13431
NA,Complete submission text file,0001326801-17-000007.txt,https://www.sec.gov/Archives/edgar/data/1326801/000132680117000007/0001326801-17-000007.txt, ,11897369
9,XBRL INSTANCE DOCUMENT,fb-20161231.xml,https://www.sec.gov/Archives/edgar/data/1326801/000132680117000007/fb-20161231.xml,EX-101.INS,2632692
10,XBRL TAXONOMY EXTENSION SCHEMA DOCUMENT,fb-20161231.xsd,https://www.sec.gov/Archives/edgar/data/1326801/000132680117000007/fb-20161231.xsd,EX-101.SCH,56690
11,XBRL TAXONOMY EXTENSION CALCULATION LINKBASE DOCUMENT,fb-20161231_cal.xml,https://www.sec.gov/Archives/edgar/data/1326801/000132680117000007/fb-20161231_cal.xml,EX-101.CAL,121691
12,XBRL TAXONOMY EXTENSION DEFINITION LINKBASE DOCUMENT,fb-20161231_def.xml,https://www.sec.gov/Archives/edgar/data/1326801/000132680117000007/fb-20161231_def.xml,EX-101.DEF,311445
13,XBRL TAXONOMY EXTENSION LABEL LINKBASE DOCUMENT,fb-20161231_lab.xml,https://www.sec.gov/Archives/edgar/data/1326801/000132680117000007/fb-20161231_lab.xml,EX-101.LAB,841046
14,XBRL TAXONOMY EXTENSION PRESENTATION LINKBASE DOCUMENT,fb-20161231_pre.xml,https://www.sec.gov/Archives/edgar/data/1326801/000132680117000007/fb-20161231_pre.xml,EX-101.PRE,498369
