seq,description,document,href,type,size
1,10-Q,fb-3312016x10q.htm,https://www.sec.gov/Archives/edgar/data/1326801/000132680116000067/fb-3312016x10q.htm,10-Q,1059412
2,EXHIBIT 31.1,fb-3312016xex311.htm,https://www.sec.gov/Archives/edgar/data/1326801/000132680116000067/fb-3312016xex311.htm,EX-31.1,10533
3,EXHIBIT 31.2,fb-3312016xex312.htm,https://www.sec.gov/Archives/edgar/data/1326801/000132680116000067/fb-3312016xex312.htm,EX-31.2,10651
4,EXHIBIT 32.1,fb-3312016xex321.htm,https://www.sec.gov/Archives/edgar/data/1326801/000132680116000067/fb-3312016xex321.htm,EX-32.1,7820
5,EXHIBIT 32.2,fb-3312016xex322.htm,https://www.sec.gov/Archives/edgar/data/1326801/000132680116000067/fb-3312016xex322.htm,EX-32.2,7827
12,,dailyactiveusers33116.jpg,https://www.sec.gov/Archives/edgar/data/1326801/000132680116000067/dailyactiveusers33116.jpg,GRAPHIC,177328
13,,mobiledailyactiveusers33116.jpg,https://www.sec.gov/Archives/edgar/data/1326801/000132680116000067/mobiledailyactiveusers33116.jpg,GRAPHIC,30008
14,,mobilemonthlyactiveusers3311.jpg,https://www.sec.gov/Archives/edgar/data/1326801/000132680116000067/mobilemonthlyactiveusers3311.jpg,GRAPHIC,31193
15,,monthlyactiveusers33116.jpg,https://www.sec.gov/Archives/edgar/data/1326801/000132680116000067/monthlyactiveusers33116.jpg,GRAPHIC,151918
16,,revenuearpu33116.jpg,https://www.sec.gov/Archives/edgar/data/1326801/000132680116000067/revenuearpu33116.jpg,GRAPHIC,158718
17,,usermetricsfbimage33116.jpg,https://www.sec.gov/Archives/edgar/data/1326801/000132680116000067/usermetricsfbimage33116.jpg,GRAPHIC,13431
NA,Complete submission text file,0001326801-16-000067.txt,https://www.sec.gov/Archives/edgar/data/1326801/000132680116000067/0001326801-16-000067.txt, ,6094081
6,XBRL INSTANCE DOCUMENT,fb-20160331.xml,https://www.sec.gov/Archives/edgar/data/1326801/000132680116000067/fb-20160331.xml,EX-101.INS,1183345
7,XBRL TAXONOMY EXTENSION SCHEMA DOCUMENT,fb-20160331.xsd,https://www.sec.gov/Archives/edgar/data/1326801/000132680116000067/fb-20160331.xsd,EX-101.SCH,33254
8,XBRL TAXONOMY EXTENSION CALCULATION LINKBASE DOCUMENT,fb-20160331_cal.xml,https://www.sec.gov/Archives/edgar/data/1326801/000132680116000067/fb-20160331_cal.xml,EX-101.CAL,67513
9,XBRL TAXONOMY EXTENSION DEFINITION LINKBASE DOCUMENT,fb-20160331_def.xml,https://www.sec.gov/Archives/edgar/data/1326801/000132680116000067/fb-20160331_def.xml,EX-101.DEF,189044
10,XBRL TAXONOMY EXTENSION LABEL LINKBASE DOCUMENT,fb-20160331_lab.xml,https://www.sec.gov/Archives/edgar/data/1326801/000132680116000067/fb-20160331_lab.xml,EX-101.LAB,503110
11,XBRL TAXONOMY EXTENSION PRESENTATION LINKBASE DOCUMENT,fb-20160331_pre.xml,https://www.sec.gov/Archives/edgar/data/1326801/000132680116000067/fb-20160331_pre.xml,EX-101.PRE,288877
