seq,description,document,href,type,size
1,FY1617 10-K,fy161710-kreport.htm,https://www.sec.gov/Archives/edgar/data/80424/000008042417000047/fy161710-kreport.htm,10-K,3118752
2,SUMMARY OF THE COMPANY'S LONG-TERM INCENTIVE PROGRAM,fy161710-kexhibit10x6.htm,https://www.sec.gov/Archives/edgar/data/80424/000008042417000047/fy161710-kexhibit10x6.htm,EX-10.6,649856
3,THE GILLETTE CO. EXECUTIVE LIFE INSURANCE PROGRAM,fy161710-kexhibit10x14.htm,https://www.sec.gov/Archives/edgar/data/80424/000008042417000047/fy161710-kexhibit10x14.htm,EX-10.14,52051
4,THE GILLETTE CO. PERSONAL FINANCIAL PLANNING REIMBURSEMENT PROGRAM,fy161710-kexhibit10x15.htm,https://www.sec.gov/Archives/edgar/data/80424/000008042417000047/fy161710-kexhibit10x15.htm,EX-10.15,16773
5,THE GILLETTE CO. SENIOR EXECUTIVE FINANCIAL PLANNING PROGRAM,fy161710-kexhibit10x16.htm,https://www.sec.gov/Archives/edgar/data/80424/000008042417000047/fy161710-kexhibit10x16.htm,EX-10.16,17975
6,THE GILLETTE CO. ESTATE PRESERVATION,fy161710-kexhibit10x17.htm,https://www.sec.gov/Archives/edgar/data/80424/000008042417000047/fy161710-kexhibit10x17.htm,EX-10.17,48505
7,THE GILLETTE CO. DEFERRED COMPENSATION PLAN,fy161710-kexhibit10x18.htm,https://www.sec.gov/Archives/edgar/data/80424/000008042417000047/fy161710-kexhibit10x18.htm,EX-10.18,93168
8,SENIOR EXECUTIVE RECOUPMENT POLICY,fy161710-kexhibit10x19.htm,https://www.sec.gov/Archives/edgar/data/80424/000008042417000047/fy161710-kexhibit10x19.htm,EX-10.19,5607
9,THE GILLETTE CO. DEFERRED COMPENSATION PLAN,fy161710-kexhibit10x20.htm,https://www.sec.gov/Archives/edgar/data/80424/000008042417000047/fy161710-kexhibit10x20.htm,EX-10.20,80508
10,THE P&G 2009 STOCK AND INCENTIVE COMPENSATION PLAN,fy161710-kexhibit10x21.htm,https://www.sec.gov/Archives/edgar/data/80424/000008042417000047/fy161710-kexhibit10x21.htm,EX-10.21,140242
11,THE P&G PERFORMANCE STOCK STOCK PROGRAM SUMMARY,fy161710-kexhibit10x23.htm,https://www.sec.gov/Archives/edgar/data/80424/000008042417000047/fy161710-kexhibit10x23.htm,EX-10.23,73075
12,THE P&G 2014 STOCK AND INCENTIVE COMPENSATION PLAN-ADD TERMS & CONDITIONS,fy161710-kexhibit10x26.htm,https://www.sec.gov/Archives/edgar/data/80424/000008042417000047/fy161710-kexhibit10x26.htm,EX-10.26,64521
13,COMPUTATION OF RATIO OF EARNINGS TO FIXED CHARGES,fy161710-kexhibit12.htm,https://www.sec.gov/Archives/edgar/data/80424/000008042417000047/fy161710-kexhibit12.htm,EX-12,43607
14,SUBSIDIARIES OF THE REGISTRANT,fy161710-kexhibit21.htm,https://www.sec.gov/Archives/edgar/data/80424/000008042417000047/fy161710-kexhibit21.htm,EX-21,149012
15,CONSENT OF INDEPENDENT REGISTERED PUBLIC ACCOUNTING FIRM,fy161710-kexhibit23.htm,https://www.sec.gov/Archives/edgar/data/80424/000008042417000047/fy161710-kexhibit23.htm,EX-23,35293
16,RULE13A-14(A)/15D-14(A) CERTIFICATIONS,fy161710-kexhibit31.htm,https://www.sec.gov/Archives/edgar/data/80424/000008042417000047/fy161710-kexhibit31.htm,EX-31,25184
17,SECTION 1350 CERTIFICATIONS,fy161710-kexhibit32.htm,https://www.sec.gov/Archives/edgar/data/80424/000008042417000047/fy161710-kexhibit32.htm,EX-32,12316
18,SUMMARY OF DIRECTORS AND OFFICERS INSURANCE PROGRAM,fy161710-kexhibit99x1.htm,https://www.sec.gov/Archives/edgar/data/80424/000008042417000047/fy161710-kexhibit99x1.htm,EX-99.1,2080
25,FY1617 10-K DIVIDENDS GRAPH,fy161710kdividendsgraph.jpg,https://www.sec.gov/Archives/edgar/data/80424/000008042417000047/fy161710kdividendsgraph.jpg,GRAPHIC,38094
26,FY1617 10-K TSR GRAPH,fy161710ktsrgraph.jpg,https://www.sec.gov/Archives/edgar/data/80424/000008042417000047/fy161710ktsrgraph.jpg,GRAPHIC,33664
27,,pglogo.jpg,https://www.sec.gov/Archives/edgar/data/80424/000008042417000047/pglogo.jpg,GRAPHIC,6542
NA,Complete submission text file,0000080424-17-000047.txt,https://www.sec.gov/Archives/edgar/data/80424/000008042417000047/0000080424-17-000047.txt, ,18289286
19,XBRL INSTANCE DOCUMENT,pg-20170630.xml,https://www.sec.gov/Archives/edgar/data/80424/000008042417000047/pg-20170630.xml,EX-101.INS,4299512
20,XBRL TAXONOMY EXTENSION SCHEMA DOCUMENT,pg-20170630.xsd,https://www.sec.gov/Archives/edgar/data/80424/000008042417000047/pg-20170630.xsd,EX-101.SCH,87365
21,XBRL TAXONOMY EXTENSION CALCULATION LINKBASE DOCUMENT,pg-20170630_cal.xml,https://www.sec.gov/Archives/edgar/data/80424/000008042417000047/pg-20170630_cal.xml,EX-101.CAL,163964
22,XBRL TAXONOMY EXTENSION DEFINITION LINKBASE DOCUMENT,pg-20170630_def.xml,https://www.sec.gov/Archives/edgar/data/80424/000008042417000047/pg-20170630_def.xml,EX-101.DEF,670163
23,XBRL TAXONOMY EXTENSION LABEL LINKBASE DOCUMENT,pg-20170630_lab.xml,https://www.sec.gov/Archives/edgar/data/80424/000008042417000047/pg-20170630_lab.xml,EX-101.LAB,1214366
24,XBRL TAXONOMY EXTENSION PRESENTATION LINKBASE DOCUMENT,pg-20170630_pre.xml,https://www.sec.gov/Archives/edgar/data/80424/000008042417000047/pg-20170630_pre.xml,EX-101.PRE,836122
