seq,description,document,href,type,size
1,10-K,amt1231201910k.htm,https://www.sec.gov/Archives/edgar/data/1053507/000105350720000028/amt1231201910k.htm,10-K,6212001
2,EXHIBIT 4.27,ex427.htm,https://www.sec.gov/Archives/edgar/data/1053507/000105350720000028/ex427.htm,EX-4.27,191051
3,EXHIBIT 10.28,exhibit1028vondran.htm,https://www.sec.gov/Archives/edgar/data/1053507/000105350720000028/exhibit1028vondran.htm,EX-10.28,13516
4,EXHIBIT 10.29,ex1029.htm,https://www.sec.gov/Archives/edgar/data/1053507/000105350720000028/ex1029.htm,EX-10.29,1010192
5,EXHIBIT 10.30,ex1030.htm,https://www.sec.gov/Archives/edgar/data/1053507/000105350720000028/ex1030.htm,EX-10.30,791211
6,EXHIBIT 10.31,ex1031.htm,https://www.sec.gov/Archives/edgar/data/1053507/000105350720000028/ex1031.htm,EX-10.31,915424
7,EXHIBIT 10.32,ex1032.htm,https://www.sec.gov/Archives/edgar/data/1053507/000105350720000028/ex1032.htm,EX-10.32,603126
8,EXHIBIT 21,exhibit21fy2019.htm,https://www.sec.gov/Archives/edgar/data/1053507/000105350720000028/exhibit21fy2019.htm,EX-21,116983
9,EXHIBIT 23,exhibit23fy2019.htm,https://www.sec.gov/Archives/edgar/data/1053507/000105350720000028/exhibit23fy2019.htm,EX-23,3052
10,EXHIBIT 31.1,exhibit311fy2019.htm,https://www.sec.gov/Archives/edgar/data/1053507/000105350720000028/exhibit311fy2019.htm,EX-31.1,15482
11,EXHIBIT 31.2,exhibit312fy2019.htm,https://www.sec.gov/Archives/edgar/data/1053507/000105350720000028/exhibit312fy2019.htm,EX-31.2,16267
12,EXHIBIT 32,exhibit32fy2019.htm,https://www.sec.gov/Archives/edgar/data/1053507/000105350720000028/exhibit32fy2019.htm,EX-32,16740
18,,image0a48.jpg,https://www.sec.gov/Archives/edgar/data/1053507/000105350720000028/image0a48.jpg,GRAPHIC,14867
19,,performancegraph2019.jpg,https://www.sec.gov/Archives/edgar/data/1053507/000105350720000028/performancegraph2019.jpg,GRAPHIC,89347
NA,Complete submission text file,0001053507-20-000028.txt,https://www.sec.gov/Archives/edgar/data/1053507/000105350720000028/0001053507-20-000028.txt, ,31567369
13,XBRL TAXONOMY EXTENSION SCHEMA DOCUMENT,amt-20191231.xsd,https://www.sec.gov/Archives/edgar/data/1053507/000105350720000028/amt-20191231.xsd,EX-101.SCH,137319
14,XBRL TAXONOMY EXTENSION CALCULATION LINKBASE DOCUMENT,amt-20191231_cal.xml,https://www.sec.gov/Archives/edgar/data/1053507/000105350720000028/amt-20191231_cal.xml,EX-101.CAL,223746
15,XBRL TAXONOMY EXTENSION DEFINITION LINKBASE DOCUMENT,amt-20191231_def.xml,https://www.sec.gov/Archives/edgar/data/1053507/000105350720000028/amt-20191231_def.xml,EX-101.DEF,785990
16,XBRL TAXONOMY EXTENSION LABEL LINKBASE DOCUMENT,amt-20191231_lab.xml,https://www.sec.gov/Archives/edgar/data/1053507/000105350720000028/amt-20191231_lab.xml,EX-101.LAB,1741379
17,XBRL TAXONOMY EXTENSION PRESENTATION LINKBASE DOCUMENT,amt-20191231_pre.xml,https://www.sec.gov/Archives/edgar/data/1053507/000105350720000028/amt-20191231_pre.xml,EX-101.PRE,1154636
130,EXTRACTED XBRL INSTANCE DOCUMENT,amt1231201910k_htm.xml,https://www.sec.gov/Archives/edgar/data/1053507/000105350720000028/amt1231201910k_htm.xml,XML,6006437
