seq,description,document,href,type,size
1,2017 10-K,nee-12312017x10k.htm,https://www.sec.gov/Archives/edgar/data/37634/000075330818000013/nee-12312017x10k.htm,10-K,5327366
2,EXHIBIT 4(B),nee-12312017ex4b.htm,https://www.sec.gov/Archives/edgar/data/37634/000075330818000013/nee-12312017ex4b.htm,EX-4.B,105411
3,EXHIBIT 10(D),nee-12312017ex10d.htm,https://www.sec.gov/Archives/edgar/data/37634/000075330818000013/nee-12312017ex10d.htm,EX-10.D,18404
4,EXHIBIT 10(E),nee-12312017ex10e.htm,https://www.sec.gov/Archives/edgar/data/37634/000075330818000013/nee-12312017ex10e.htm,EX-10.E,24563
5,EXHIBIT 10(JJ),nee-12312017ex10jj.htm,https://www.sec.gov/Archives/edgar/data/37634/000075330818000013/nee-12312017ex10jj.htm,EX-10.JJ,13450
6,EXHIBIT 12(A),nee-12312017ex12a.htm,https://www.sec.gov/Archives/edgar/data/37634/000075330818000013/nee-12312017ex12a.htm,EX-12.A,69475
7,EXHIBIT 12(B),nee-12312017ex12b.htm,https://www.sec.gov/Archives/edgar/data/37634/000075330818000013/nee-12312017ex12b.htm,EX-12.B,53422
8,EXHIBIT 21,nee-12312017ex21.htm,https://www.sec.gov/Archives/edgar/data/37634/000075330818000013/nee-12312017ex21.htm,EX-21,10471
9,EXHIBIT 23,nee-12312017ex23.htm,https://www.sec.gov/Archives/edgar/data/37634/000075330818000013/nee-12312017ex23.htm,EX-23,17618
10,EXHIBIT 31(A),nee-12312017ex31a.htm,https://www.sec.gov/Archives/edgar/data/37634/000075330818000013/nee-12312017ex31a.htm,EX-31.A,12294
11,EXHIBIT 31(B),nee-12312017ex31b.htm,https://www.sec.gov/Archives/edgar/data/37634/000075330818000013/nee-12312017ex31b.htm,EX-31.B,12472
12,EXHIBIT 31(C),nee-12312017ex31c.htm,https://www.sec.gov/Archives/edgar/data/37634/000075330818000013/nee-12312017ex31c.htm,EX-31.C,12369
13,EXHIBIT 31(D),nee-12312017ex31d.htm,https://www.sec.gov/Archives/edgar/data/37634/000075330818000013/nee-12312017ex31d.htm,EX-31.D,12501
14,EXHIBIT 32(A),nee-12312017ex32a.htm,https://www.sec.gov/Archives/edgar/data/37634/000075330818000013/nee-12312017ex32a.htm,EX-32.A,9230
15,EXHIBIT 32(B),nee-12312017ex32b.htm,https://www.sec.gov/Archives/edgar/data/37634/000075330818000013/nee-12312017ex32b.htm,EX-32.B,9339
22,,chart-4c0914b6588a5df8cb5.jpg,https://www.sec.gov/Archives/edgar/data/37634/000075330818000013/chart-4c0914b6588a5df8cb5.jpg,GRAPHIC,30986
23,,chart-687b6d91f27c1ac344a.jpg,https://www.sec.gov/Archives/edgar/data/37634/000075330818000013/chart-687b6d91f27c1ac344a.jpg,GRAPHIC,23885
24,,chart-b18ec0f8bcf8206c136.jpg,https://www.sec.gov/Archives/edgar/data/37634/000075330818000013/chart-b18ec0f8bcf8206c136.jpg,GRAPHIC,25393
25,,chart-ef984ff76b3fb72816f.jpg,https://www.sec.gov/Archives/edgar/data/37634/000075330818000013/chart-ef984ff76b3fb72816f.jpg,GRAPHIC,28026
26,,compareresidentialbill2017.jpg,https://www.sec.gov/Archives/edgar/data/37634/000075330818000013/compareresidentialbill2017.jpg,GRAPHIC,41436
27,,customeraccounts.jpg,https://www.sec.gov/Archives/edgar/data/37634/000075330818000013/customeraccounts.jpg,GRAPHIC,39254
28,,fpl.jpg,https://www.sec.gov/Archives/edgar/data/37634/000075330818000013/fpl.jpg,GRAPHIC,57468
29,,fplserviceterritory2017.jpg,https://www.sec.gov/Archives/edgar/data/37634/000075330818000013/fplserviceterritory2017.jpg,GRAPHIC,767253
30,,neeorganizationalchart_2017.jpg,https://www.sec.gov/Archives/edgar/data/37634/000075330818000013/neeorganizationalchart_2017.jpg,GRAPHIC,51943
31,,neergeneratingfacilities2017.jpg,https://www.sec.gov/Archives/edgar/data/37634/000075330818000013/neergeneratingfacilities2017.jpg,GRAPHIC,1364793
32,,neeriso2017.jpg,https://www.sec.gov/Archives/edgar/data/37634/000075330818000013/neeriso2017.jpg,GRAPHIC,717358
33,,nexteraenergy.jpg,https://www.sec.gov/Archives/edgar/data/37634/000075330818000013/nexteraenergy.jpg,GRAPHIC,297471
34,,operatingrevenues2017.jpg,https://www.sec.gov/Archives/edgar/data/37634/000075330818000013/operatingrevenues2017.jpg,GRAPHIC,48758
35,,totalreturn2017.jpg,https://www.sec.gov/Archives/edgar/data/37634/000075330818000013/totalreturn2017.jpg,GRAPHIC,71930
NA,Complete submission text file,0000753308-18-000013.txt,https://www.sec.gov/Archives/edgar/data/37634/000075330818000013/0000753308-18-000013.txt, ,34007169
16,XBRL INSTANCE DOCUMENT,nee-20171231.xml,https://www.sec.gov/Archives/edgar/data/37634/000075330818000013/nee-20171231.xml,EX-101.INS,8244728
17,XBRL TAXONOMY EXTENSION SCHEMA DOCUMENT,nee-20171231.xsd,https://www.sec.gov/Archives/edgar/data/37634/000075330818000013/nee-20171231.xsd,EX-101.SCH,172499
18,XBRL TAXONOMY EXTENSION CALCULATION LINKBASE DOCUMENT,nee-20171231_cal.xml,https://www.sec.gov/Archives/edgar/data/37634/000075330818000013/nee-20171231_cal.xml,EX-101.CAL,187737
19,XBRL TAXONOMY EXTENSION DEFINITION LINKBASE DOCUMENT,nee-20171231_def.xml,https://www.sec.gov/Archives/edgar/data/37634/000075330818000013/nee-20171231_def.xml,EX-101.DEF,984068
20,XBRL TAXONOMY EXTENSION LABEL LINKBASE DOCUMENT,nee-20171231_lab.xml,https://www.sec.gov/Archives/edgar/data/37634/000075330818000013/nee-20171231_lab.xml,EX-101.LAB,1892529
21,XBRL TAXONOMY EXTENSION PRESENTATION LINKBASE DOCUMENT,nee-20171231_pre.xml,https://www.sec.gov/Archives/edgar/data/37634/000075330818000013/nee-20171231_pre.xml,EX-101.PRE,1109051
