seq,description,document,href,type,size
1,10-Q 3Q 2018,a3q10q09-30x18.htm,https://www.sec.gov/Archives/edgar/data/200406/000020040618000055/a3q10q09-30x18.htm,10-Q,2923732
2,EXHIBIT 31.1 CEO CERTIFICATION,a201810-q3qexhibit311ceoce.htm,https://www.sec.gov/Archives/edgar/data/200406/000020040618000055/a201810-q3qexhibit311ceoce.htm,EX-31.1,9417
3,EXHIBIT 31.2 CFO CERTIFICATION,a201810-q3qexhibit312cfoce.htm,https://www.sec.gov/Archives/edgar/data/200406/000020040618000055/a201810-q3qexhibit312cfoce.htm,EX-31.2,10107
4,EXHIBIT 32.1 CEO 906 CERTIFICATION,a201810-q3qexhibit321ceoce.htm,https://www.sec.gov/Archives/edgar/data/200406/000020040618000055/a201810-q3qexhibit321ceoce.htm,EX-32.1,11512
5,EXHIBIT 32.2 CFO CERTIFICATION 906,a201810-q3qexhibit322cfoce.htm,https://www.sec.gov/Archives/edgar/data/200406/000020040618000055/a201810-q3qexhibit322cfoce.htm,EX-32.2,12017
12,,chart-6d6b7ea011a199172c1a01.jpg,https://www.sec.gov/Archives/edgar/data/200406/000020040618000055/chart-6d6b7ea011a199172c1a01.jpg,GRAPHIC,27580
13,,chart-27a7f631092fa8a19daa01.jpg,https://www.sec.gov/Archives/edgar/data/200406/000020040618000055/chart-27a7f631092fa8a19daa01.jpg,GRAPHIC,30880
14,,chart-480ebed5607e5a7bfe1a02.jpg,https://www.sec.gov/Archives/edgar/data/200406/000020040618000055/chart-480ebed5607e5a7bfe1a02.jpg,GRAPHIC,26262
15,,chart-d829aa258abb7dd4948a02.jpg,https://www.sec.gov/Archives/edgar/data/200406/000020040618000055/chart-d829aa258abb7dd4948a02.jpg,GRAPHIC,30313
16,,jnjlogoa03a01a01a01a01a11.jpg,https://www.sec.gov/Archives/edgar/data/200406/000020040618000055/jnjlogoa03a01a01a01a01a11.jpg,GRAPHIC,4649
NA,Complete submission text file,0000200406-18-000055.txt,https://www.sec.gov/Archives/edgar/data/200406/000020040618000055/0000200406-18-000055.txt, ,18384857
6,XBRL INSTANCE DOCUMENT,jnj-20180930.xml,https://www.sec.gov/Archives/edgar/data/200406/000020040618000055/jnj-20180930.xml,EX-101.INS,6213648
7,XBRL TAXONOMY EXTENSION SCHEMA DOCUMENT,jnj-20180930.xsd,https://www.sec.gov/Archives/edgar/data/200406/000020040618000055/jnj-20180930.xsd,EX-101.SCH,73753
8,XBRL TAXONOMY EXTENSION CALCULATION LINKBASE DOCUMENT,jnj-20180930_cal.xml,https://www.sec.gov/Archives/edgar/data/200406/000020040618000055/jnj-20180930_cal.xml,EX-101.CAL,117216
9,XBRL TAXONOMY EXTENSION DEFINITION LINKBASE DOCUMENT,jnj-20180930_def.xml,https://www.sec.gov/Archives/edgar/data/200406/000020040618000055/jnj-20180930_def.xml,EX-101.DEF,459745
10,XBRL TAXONOMY EXTENSION LABEL LINKBASE DOCUMENT,jnj-20180930_lab.xml,https://www.sec.gov/Archives/edgar/data/200406/000020040618000055/jnj-20180930_lab.xml,EX-101.LAB,1007014
11,XBRL TAXONOMY EXTENSION PRESENTATION LINKBASE DOCUMENT,jnj-20180930_pre.xml,https://www.sec.gov/Archives/edgar/data/200406/000020040618000055/jnj-20180930_pre.xml,EX-101.PRE,612799
