seq,description,document,href,type,size
1,10-K,fb-12312019x10k.htm,https://www.sec.gov/Archives/edgar/data/1326801/000132680120000013/fb-12312019x10k.htm,10-K,3015222
2,EXHIBIT 3.3,fb-12312019x10kexhibit33.htm,https://www.sec.gov/Archives/edgar/data/1326801/000132680120000013/fb-12312019x10kexhibit33.htm,EX-3.3,34188
3,EXHIBIT 21.1,fb-12312019x10kexhibit211.htm,https://www.sec.gov/Archives/edgar/data/1326801/000132680120000013/fb-12312019x10kexhibit211.htm,EX-21.1,6032
4,EXHIBIT 23.1,fb-12312019x10kexhibit231.htm,https://www.sec.gov/Archives/edgar/data/1326801/000132680120000013/fb-12312019x10kexhibit231.htm,EX-23.1,6524
5,EXHIBIT 31.1,fb-12312019x10kexhibit311.htm,https://www.sec.gov/Archives/edgar/data/1326801/000132680120000013/fb-12312019x10kexhibit311.htm,EX-31.1,12795
6,EXHIBIT 31.2,fb-12312019x10kexhibit312.htm,https://www.sec.gov/Archives/edgar/data/1326801/000132680120000013/fb-12312019x10kexhibit312.htm,EX-31.2,12894
7,EXHIBIT 32.1,fb-12312019x10kexhibit321.htm,https://www.sec.gov/Archives/edgar/data/1326801/000132680120000013/fb-12312019x10kexhibit321.htm,EX-32.1,9385
8,EXHIBIT 32.2,fb-12312019x10kexhibit322.htm,https://www.sec.gov/Archives/edgar/data/1326801/000132680120000013/fb-12312019x10kexhibit322.htm,EX-32.2,9317
14,GRAPHIC,arppq419a02.jpg,https://www.sec.gov/Archives/edgar/data/1326801/000132680120000013/arppq419a02.jpg,GRAPHIC,70062
15,GRAPHIC,dapq419a07.jpg,https://www.sec.gov/Archives/edgar/data/1326801/000132680120000013/dapq419a07.jpg,GRAPHIC,55963
16,GRAPHIC,daugraphsq419a01.jpg,https://www.sec.gov/Archives/edgar/data/1326801/000132680120000013/daugraphsq419a01.jpg,GRAPHIC,147664
17,GRAPHIC,mapgraphq419a07.jpg,https://www.sec.gov/Archives/edgar/data/1326801/000132680120000013/mapgraphq419a07.jpg,GRAPHIC,47602
18,GRAPHIC,maugraphsq419edited.jpg,https://www.sec.gov/Archives/edgar/data/1326801/000132680120000013/maugraphsq419edited.jpg,GRAPHIC,218287
19,GRAPHIC,q419monetkeya01.jpg,https://www.sec.gov/Archives/edgar/data/1326801/000132680120000013/q419monetkeya01.jpg,GRAPHIC,9764
20,GRAPHIC,q419monetkeya02.jpg,https://www.sec.gov/Archives/edgar/data/1326801/000132680120000013/q419monetkeya02.jpg,GRAPHIC,9764
21,GRAPHIC,revgraphsq419a07.jpg,https://www.sec.gov/Archives/edgar/data/1326801/000132680120000013/revgraphsq419a07.jpg,GRAPHIC,133665
22,GRAPHIC,stockgraph.jpg,https://www.sec.gov/Archives/edgar/data/1326801/000132680120000013/stockgraph.jpg,GRAPHIC,67930
NA,Complete submission text file,0001326801-20-000013.txt,https://www.sec.gov/Archives/edgar/data/1326801/000132680120000013/0001326801-20-000013.txt, ,12866813
9,XBRL TAXONOMY EXTENSION SCHEMA DOCUMENT,fb-20191231.xsd,https://www.sec.gov/Archives/edgar/data/1326801/000132680120000013/fb-20191231.xsd,EX-101.SCH,54693
10,XBRL TAXONOMY EXTENSION CALCULATION LINKBASE DOCUMENT,fb-20191231_cal.xml,https://www.sec.gov/Archives/edgar/data/1326801/000132680120000013/fb-20191231_cal.xml,EX-101.CAL,127192
11,XBRL TAXONOMY EXTENSION DEFINITION LINKBASE DOCUMENT,fb-20191231_def.xml,https://www.sec.gov/Archives/edgar/data/1326801/000132680120000013/fb-20191231_def.xml,EX-101.DEF,310364
12,XBRL TAXONOMY EXTENSION LABEL LINKBASE DOCUMENT,fb-20191231_lab.xml,https://www.sec.gov/Archives/edgar/data/1326801/000132680120000013/fb-20191231_lab.xml,EX-101.LAB,832621
13,XBRL TAXONOMY EXTENSION PRESENTATION LINKBASE DOCUMENT,fb-20191231_pre.xml,https://www.sec.gov/Archives/edgar/data/1326801/000132680120000013/fb-20191231_pre.xml,EX-101.PRE,485253
43,EXTRACTED XBRL INSTANCE DOCUMENT,fb-12312019x10k_htm.xml,https://www.sec.gov/Archives/edgar/data/1326801/000132680120000013/fb-12312019x10k_htm.xml,XML,2004912
