seq,description,document,href,type,size
1,10-K,ecl-20161231x10k.htm,https://www.sec.gov/Archives/edgar/data/31462/000155837017000944/ecl-20161231x10k.htm,10-K,9113820
2,EX-10.16.VII,ecl-20161231ex1016vii4b.htm,https://www.sec.gov/Archives/edgar/data/31462/000155837017000944/ecl-20161231ex1016vii4b.htm,EX-10.16.VII,73371
3,EX-21.1,ecl-20161231ex211f6aee7.htm,https://www.sec.gov/Archives/edgar/data/31462/000155837017000944/ecl-20161231ex211f6aee7.htm,EX-21.1,236949
4,EX-23.1,ecl-20161231ex23148f70a.htm,https://www.sec.gov/Archives/edgar/data/31462/000155837017000944/ecl-20161231ex23148f70a.htm,EX-23.1,5692
5,EX-24.1,ecl-20161231ex2415b62eb.htm,https://www.sec.gov/Archives/edgar/data/31462/000155837017000944/ecl-20161231ex2415b62eb.htm,EX-24.1,27263
6,EX-31.1,ecl-20161231ex311955dc6.htm,https://www.sec.gov/Archives/edgar/data/31462/000155837017000944/ecl-20161231ex311955dc6.htm,EX-31.1,20322
7,EX-31.2,ecl-20161231ex31287a50b.htm,https://www.sec.gov/Archives/edgar/data/31462/000155837017000944/ecl-20161231ex31287a50b.htm,EX-31.2,19837
8,EX-32.1,ecl-20161231ex321587587.htm,https://www.sec.gov/Archives/edgar/data/31462/000155837017000944/ecl-20161231ex321587587.htm,EX-32.1,9173
9,GRAPHIC,ecl20161231x10k001.jpg,https://www.sec.gov/Archives/edgar/data/31462/000155837017000944/ecl20161231x10k001.jpg,GRAPHIC,34313
10,GRAPHIC,ecl20161231x10k002.jpg,https://www.sec.gov/Archives/edgar/data/31462/000155837017000944/ecl20161231x10k002.jpg,GRAPHIC,2530
11,GRAPHIC,ecl20161231x10k003.jpg,https://www.sec.gov/Archives/edgar/data/31462/000155837017000944/ecl20161231x10k003.jpg,GRAPHIC,2543
12,GRAPHIC,ecl20161231x10k004.jpg,https://www.sec.gov/Archives/edgar/data/31462/000155837017000944/ecl20161231x10k004.jpg,GRAPHIC,9078
NA,Complete submission text file,0001558370-17-000944.txt,https://www.sec.gov/Archives/edgar/data/31462/000155837017000944/0001558370-17-000944.txt, ,34831957
13,EX-101.INS,ecl-20161231.xml,https://www.sec.gov/Archives/edgar/data/31462/000155837017000944/ecl-20161231.xml,EX-101.INS,10197700
14,EX-101.SCH,ecl-20161231.xsd,https://www.sec.gov/Archives/edgar/data/31462/000155837017000944/ecl-20161231.xsd,EX-101.SCH,102521
15,EX-101.CAL,ecl-20161231_cal.xml,https://www.sec.gov/Archives/edgar/data/31462/000155837017000944/ecl-20161231_cal.xml,EX-101.CAL,141852
16,EX-101.DEF,ecl-20161231_def.xml,https://www.sec.gov/Archives/edgar/data/31462/000155837017000944/ecl-20161231_def.xml,EX-101.DEF,485204
17,EX-101.LAB,ecl-20161231_lab.xml,https://www.sec.gov/Archives/edgar/data/31462/000155837017000944/ecl-20161231_lab.xml,EX-101.LAB,1157835
18,EX-101.PRE,ecl-20161231_pre.xml,https://www.sec.gov/Archives/edgar/data/31462/000155837017000944/ecl-20161231_pre.xml,EX-101.PRE,820672
