seq,description,document,href,type,size
1,10-Q,fb-06302018x10q.htm,https://www.sec.gov/Archives/edgar/data/1326801/000132680118000057/fb-06302018x10q.htm,10-Q,1415095
2,EXHIBIT 10.1,fb-06302018xex101.htm,https://www.sec.gov/Archives/edgar/data/1326801/000132680118000057/fb-06302018xex101.htm,EX-10.1,11142
3,EXHIBIT 31.1,fb-06302018xex311.htm,https://www.sec.gov/Archives/edgar/data/1326801/000132680118000057/fb-06302018xex311.htm,EX-31.1,10533
4,EXHIBIT 31.2,fb-06302018xex312.htm,https://www.sec.gov/Archives/edgar/data/1326801/000132680118000057/fb-06302018xex312.htm,EX-31.2,10651
5,EXHIBIT 32.1,fb-06302018xex321.htm,https://www.sec.gov/Archives/edgar/data/1326801/000132680118000057/fb-06302018xex321.htm,EX-32.1,7819
6,EXHIBIT 32.2,fb-06302018xex322.htm,https://www.sec.gov/Archives/edgar/data/1326801/000132680118000057/fb-06302018xex322.htm,EX-32.2,7826
13,,dauq218graphv2.jpg,https://www.sec.gov/Archives/edgar/data/1326801/000132680118000057/dauq218graphv2.jpg,GRAPHIC,775416
14,,mauq218graphv3.jpg,https://www.sec.gov/Archives/edgar/data/1326801/000132680118000057/mauq218graphv3.jpg,GRAPHIC,143908
15,,revandarpu06302017a02.jpg,https://www.sec.gov/Archives/edgar/data/1326801/000132680118000057/revandarpu06302017a02.jpg,GRAPHIC,13431
16,,revenueq218graphv4a01.jpg,https://www.sec.gov/Archives/edgar/data/1326801/000132680118000057/revenueq218graphv4a01.jpg,GRAPHIC,758882
NA,Complete submission text file,0001326801-18-000057.txt,https://www.sec.gov/Archives/edgar/data/1326801/000132680118000057/0001326801-18-000057.txt, ,7946570
7,XBRL INSTANCE DOCUMENT,fb-20180630.xml,https://www.sec.gov/Archives/edgar/data/1326801/000132680118000057/fb-20180630.xml,EX-101.INS,1478885
8,XBRL TAXONOMY EXTENSION SCHEMA DOCUMENT,fb-20180630.xsd,https://www.sec.gov/Archives/edgar/data/1326801/000132680118000057/fb-20180630.xsd,EX-101.SCH,38269
9,XBRL TAXONOMY EXTENSION CALCULATION LINKBASE DOCUMENT,fb-20180630_cal.xml,https://www.sec.gov/Archives/edgar/data/1326801/000132680118000057/fb-20180630_cal.xml,EX-101.CAL,75251
10,XBRL TAXONOMY EXTENSION DEFINITION LINKBASE DOCUMENT,fb-20180630_def.xml,https://www.sec.gov/Archives/edgar/data/1326801/000132680118000057/fb-20180630_def.xml,EX-101.DEF,215905
11,XBRL TAXONOMY EXTENSION LABEL LINKBASE DOCUMENT,fb-20180630_lab.xml,https://www.sec.gov/Archives/edgar/data/1326801/000132680118000057/fb-20180630_lab.xml,EX-101.LAB,532233
12,XBRL TAXONOMY EXTENSION PRESENTATION LINKBASE DOCUMENT,fb-20180630_pre.xml,https://www.sec.gov/Archives/edgar/data/1326801/000132680118000057/fb-20180630_pre.xml,EX-101.PRE,308660
