seq,description,document,href,type,size
1,10-Q,amt10qq22016.htm,https://www.sec.gov/Archives/edgar/data/1053507/000105350716000048/amt10qq22016.htm,10-Q,2203021
2,EXHIBIT 12,exhibit12q22016.htm,https://www.sec.gov/Archives/edgar/data/1053507/000105350716000048/exhibit12q22016.htm,EX-12,86546
3,EXHIBIT 31.1,exhibit311q22016.htm,https://www.sec.gov/Archives/edgar/data/1053507/000105350716000048/exhibit311q22016.htm,EX-31.1,16290
4,EXHIBIT 31.2,exhibit312q22016.htm,https://www.sec.gov/Archives/edgar/data/1053507/000105350716000048/exhibit312q22016.htm,EX-31.2,16958
5,EXHIBIT 32,exhibit32q22016.htm,https://www.sec.gov/Archives/edgar/data/1053507/000105350716000048/exhibit32q22016.htm,EX-32,16898
NA,Complete submission text file,0001053507-16-000048.txt,https://www.sec.gov/Archives/edgar/data/1053507/000105350716000048/0001053507-16-000048.txt, ,10972144
6,XBRL INSTANCE DOCUMENT,amt-20160630.xml,https://www.sec.gov/Archives/edgar/data/1053507/000105350716000048/amt-20160630.xml,EX-101.INS,2630394
7,XBRL TAXONOMY EXTENSION SCHEMA DOCUMENT,amt-20160630.xsd,https://www.sec.gov/Archives/edgar/data/1053507/000105350716000048/amt-20160630.xsd,EX-101.SCH,60484
8,XBRL TAXONOMY EXTENSION CALCULATION LINKBASE DOCUMENT,amt-20160630_cal.xml,https://www.sec.gov/Archives/edgar/data/1053507/000105350716000048/amt-20160630_cal.xml,EX-101.CAL,84784
9,XBRL TAXONOMY EXTENSION DEFINITION LINKBASE DOCUMENT,amt-20160630_def.xml,https://www.sec.gov/Archives/edgar/data/1053507/000105350716000048/amt-20160630_def.xml,EX-101.DEF,411067
10,XBRL TAXONOMY EXTENSION LABEL LINKBASE DOCUMENT,amt-20160630_lab.xml,https://www.sec.gov/Archives/edgar/data/1053507/000105350716000048/amt-20160630_lab.xml,EX-101.LAB,852202
11,XBRL TAXONOMY EXTENSION PRESENTATION LINKBASE DOCUMENT,amt-20160630_pre.xml,https://www.sec.gov/Archives/edgar/data/1053507/000105350716000048/amt-20160630_pre.xml,EX-101.PRE,544740
