seq,description,document,href,type,size
1,10-Q,unp-20180331x10q.htm,https://www.sec.gov/Archives/edgar/data/100885/000010088518000125/unp-20180331x10q.htm,10-Q,1486479
2,EX-12,unp-20180331xex12.htm,https://www.sec.gov/Archives/edgar/data/100885/000010088518000125/unp-20180331xex12.htm,EX-12,32156
3,EX-31.A,unp-20180331xex31_a.htm,https://www.sec.gov/Archives/edgar/data/100885/000010088518000125/unp-20180331xex31_a.htm,EX-31.A,18352
4,EX-31.B,unp-20180331xex31_b.htm,https://www.sec.gov/Archives/edgar/data/100885/000010088518000125/unp-20180331xex31_b.htm,EX-31.B,18105
5,EX-32,unp-20180331xex32.htm,https://www.sec.gov/Archives/edgar/data/100885/000010088518000125/unp-20180331xex32.htm,EX-32,14470
NA,Complete submission text file,0000100885-18-000125.txt,https://www.sec.gov/Archives/edgar/data/100885/000010088518000125/0000100885-18-000125.txt, ,6172647
6,EX-101.INS,unp-20180331.xml,https://www.sec.gov/Archives/edgar/data/100885/000010088518000125/unp-20180331.xml,EX-101.INS,1288686
7,EX-101.SCH,unp-20180331.xsd,https://www.sec.gov/Archives/edgar/data/100885/000010088518000125/unp-20180331.xsd,EX-101.SCH,52561
8,EX-101.CAL,unp-20180331_cal.xml,https://www.sec.gov/Archives/edgar/data/100885/000010088518000125/unp-20180331_cal.xml,EX-101.CAL,51224
9,EX-101.DEF,unp-20180331_def.xml,https://www.sec.gov/Archives/edgar/data/100885/000010088518000125/unp-20180331_def.xml,EX-101.DEF,154675
10,EX-101.LAB,unp-20180331_lab.xml,https://www.sec.gov/Archives/edgar/data/100885/000010088518000125/unp-20180331_lab.xml,EX-101.LAB,408944
11,EX-101.PRE,unp-20180331_pre.xml,https://www.sec.gov/Archives/edgar/data/100885/000010088518000125/unp-20180331_pre.xml,EX-101.PRE,329235
