seq,description,document,href,type,size
1,10-K 2017,form10-k20171231.htm,https://www.sec.gov/Archives/edgar/data/200406/000020040618000005/form10-k20171231.htm,10-K,3566521
2,EXHIBIT 12,ex12-statementofcomputatio.htm,https://www.sec.gov/Archives/edgar/data/200406/000020040618000005/ex12-statementofcomputatio.htm,EX-12,43173
3,EXHIBIT 21,ex21-subsidiariesxform10xk.htm,https://www.sec.gov/Archives/edgar/data/200406/000020040618000005/ex21-subsidiariesxform10xk.htm,EX-21,138041
4,EX-23,ex23-pwcconsentxform10xkx2.htm,https://www.sec.gov/Archives/edgar/data/200406/000020040618000005/ex23-pwcconsentxform10xkx2.htm,EX-23,2487
5,EXHIBIT 31.1 CEO CERTIFICATION,ex31a-302certofceoxform10x.htm,https://www.sec.gov/Archives/edgar/data/200406/000020040618000005/ex31a-302certofceoxform10x.htm,EX-31.1,10181
6,EXHIBIT 31.2 CFO CERTIFICATION,ex31b-302certofcfoxform10x.htm,https://www.sec.gov/Archives/edgar/data/200406/000020040618000005/ex31b-302certofcfoxform10x.htm,EX-31.2,10195
7,EXHIBIT 32.1 CEO 906 CERTIFICATION,ex32a-906certofceoxform10x.htm,https://www.sec.gov/Archives/edgar/data/200406/000020040618000005/ex32a-906certofceoxform10x.htm,EX-32.1,8818
8,EXHIBIT 32.2 CFO CERTIFICATION 906,ex32b-906certofcfoxform10x.htm,https://www.sec.gov/Archives/edgar/data/200406/000020040618000005/ex32b-906certofcfoxform10x.htm,EX-32.2,7042
15,,chart-07e0e4edcb372a3b7d2.jpg,https://www.sec.gov/Archives/edgar/data/200406/000020040618000005/chart-07e0e4edcb372a3b7d2.jpg,GRAPHIC,28558
16,,chart-41ca3965692af9c6bb7.jpg,https://www.sec.gov/Archives/edgar/data/200406/000020040618000005/chart-41ca3965692af9c6bb7.jpg,GRAPHIC,15444
17,,chart-906465fb51727442c0b.jpg,https://www.sec.gov/Archives/edgar/data/200406/000020040618000005/chart-906465fb51727442c0b.jpg,GRAPHIC,24765
18,,chart-cc2b3d8be061d530eaf.jpg,https://www.sec.gov/Archives/edgar/data/200406/000020040618000005/chart-cc2b3d8be061d530eaf.jpg,GRAPHIC,15483
19,,chart-e7661660c6305f08a58.jpg,https://www.sec.gov/Archives/edgar/data/200406/000020040618000005/chart-e7661660c6305f08a58.jpg,GRAPHIC,15442
20,,jnj5yearshareholder2017.jpg,https://www.sec.gov/Archives/edgar/data/200406/000020040618000005/jnj5yearshareholder2017.jpg,GRAPHIC,68974
21,,jnj10yearshareholder2017.jpg,https://www.sec.gov/Archives/edgar/data/200406/000020040618000005/jnj10yearshareholder2017.jpg,GRAPHIC,76083
NA,Complete submission text file,0000200406-18-000005.txt,https://www.sec.gov/Archives/edgar/data/200406/000020040618000005/0000200406-18-000005.txt, ,19776959
9,XBRL INSTANCE DOCUMENT,jnj-20171231.xml,https://www.sec.gov/Archives/edgar/data/200406/000020040618000005/jnj-20171231.xml,EX-101.INS,5139596
10,XBRL TAXONOMY EXTENSION SCHEMA DOCUMENT,jnj-20171231.xsd,https://www.sec.gov/Archives/edgar/data/200406/000020040618000005/jnj-20171231.xsd,EX-101.SCH,101480
11,XBRL TAXONOMY EXTENSION CALCULATION LINKBASE DOCUMENT,jnj-20171231_cal.xml,https://www.sec.gov/Archives/edgar/data/200406/000020040618000005/jnj-20171231_cal.xml,EX-101.CAL,162284
12,XBRL TAXONOMY EXTENSION DEFINITION LINKBASE DOCUMENT,jnj-20171231_def.xml,https://www.sec.gov/Archives/edgar/data/200406/000020040618000005/jnj-20171231_def.xml,EX-101.DEF,593334
13,XBRL TAXONOMY EXTENSION LABEL LINKBASE DOCUMENT,jnj-20171231_lab.xml,https://www.sec.gov/Archives/edgar/data/200406/000020040618000005/jnj-20171231_lab.xml,EX-101.LAB,1414758
14,XBRL TAXONOMY EXTENSION PRESENTATION LINKBASE DOCUMENT,jnj-20171231_pre.xml,https://www.sec.gov/Archives/edgar/data/200406/000020040618000005/jnj-20171231_pre.xml,EX-101.PRE,877690
