seq,description,document,href,type,size
1,FY1718 Q1 JAS 10-Q,fy1718q1jas10-qreport.htm,https://www.sec.gov/Archives/edgar/data/80424/000008042417000078/fy1718q1jas10-qreport.htm,10-Q,1171774
2,THE PROCTER & GAMBLE PERFORMANCE STOCK PROGRAM SUMMARY,fy1718q1jas10-qexhibit10x1.htm,https://www.sec.gov/Archives/edgar/data/80424/000008042417000078/fy1718q1jas10-qexhibit10x1.htm,EX-10.1,32286
3,THE PROCTER & GAMBLE PERFORMANCE STOCK PROGRAM-REL. CORRES. AND TERMS AND CONDS.,fy1718q1jas10-qexhibit10x2.htm,https://www.sec.gov/Archives/edgar/data/80424/000008042417000078/fy1718q1jas10-qexhibit10x2.htm,EX-10.2,28520
4,SUMMARY OF THE COMPANY'S SHORT TERM ACHIEVEMENT REWARD PROGRAM,fy1718q1jas10-qexhibit10x3.htm,https://www.sec.gov/Archives/edgar/data/80424/000008042417000078/fy1718q1jas10-qexhibit10x3.htm,EX-10.3,28890
5,COMPANY'S FORM OF SEPARATION LETTER & RELEASE,fy1718q1jas10-qexhibit10x4.htm,https://www.sec.gov/Archives/edgar/data/80424/000008042417000078/fy1718q1jas10-qexhibit10x4.htm,EX-10.4,25022
6,COMPUTATION OF RATIO OF EARNINGS TO FIXED CHARGES,fy1718q1jas10-qexhibit12.htm,https://www.sec.gov/Archives/edgar/data/80424/000008042417000078/fy1718q1jas10-qexhibit12.htm,EX-12,60157
7,RULE 13A-14(A)/15D-14(A) CERTIFICATION-CHIEF EXECUTIVE OFFICER,fy1718q1jas10-qexhibit311.htm,https://www.sec.gov/Archives/edgar/data/80424/000008042417000078/fy1718q1jas10-qexhibit311.htm,EX-31.1,12732
8,RULE 13A-14(A)/15D-14(A) CERTIFICATION-CHIEF FINANCIAL OFFICER,fy1718q1jas10-qexhibit312.htm,https://www.sec.gov/Archives/edgar/data/80424/000008042417000078/fy1718q1jas10-qexhibit312.htm,EX-31.2,12806
9,SECTION 1350 CERTIFICATIONS-CHIEF EXECUTIVE OFFICER,fy1718q1jas10-qexhibit321.htm,https://www.sec.gov/Archives/edgar/data/80424/000008042417000078/fy1718q1jas10-qexhibit321.htm,EX-32.1,5966
10,SECTION 1350 CERTIFICATIONS-CHIEF FINANCIAL OFFICER,fy1718q1jas10-qexhibit322.htm,https://www.sec.gov/Archives/edgar/data/80424/000008042417000078/fy1718q1jas10-qexhibit322.htm,EX-32.2,5911
16,,pglogo.jpg,https://www.sec.gov/Archives/edgar/data/80424/000008042417000078/pglogo.jpg,GRAPHIC,6542
NA,Complete submission text file,0000080424-17-000078.txt,https://www.sec.gov/Archives/edgar/data/80424/000008042417000078/0000080424-17-000078.txt, ,5619999
11,XBRL TAXONOMY EXTENSION SCHEMA DOCUMENT,pg-20170930.xsd,https://www.sec.gov/Archives/edgar/data/80424/000008042417000078/pg-20170930.xsd,EX-101.SCH,36452
12,XBRL TAXONOMY EXTENSION CALCULATION LINKBASE DOCUMENT,pg-20170930_cal.xml,https://www.sec.gov/Archives/edgar/data/80424/000008042417000078/pg-20170930_cal.xml,EX-101.CAL,76853
13,XBRL TAXONOMY EXTENSION DEFINITION LINKBASE DOCUMENT,pg-20170930_def.xml,https://www.sec.gov/Archives/edgar/data/80424/000008042417000078/pg-20170930_def.xml,EX-101.DEF,232213
14,XBRL TAXONOMY EXTENSION LABEL LINKBASE DOCUMENT,pg-20170930_lab.xml,https://www.sec.gov/Archives/edgar/data/80424/000008042417000078/pg-20170930_lab.xml,EX-101.LAB,456359
15,XBRL TAXONOMY EXTENSION PRESENTATION LINKBASE DOCUMENT,pg-20170930_pre.xml,https://www.sec.gov/Archives/edgar/data/80424/000008042417000078/pg-20170930_pre.xml,EX-101.PRE,309398
17,EXTRACTED XBRL INSTANCE DOCUMENT,fy1718q1jas10-qreport_htm.xml,https://www.sec.gov/Archives/edgar/data/80424/000008042417000078/fy1718q1jas10-qreport_htm.xml,XML,929784
