seq,description,document,href,type,size
1,10-Q,fb-03312019x10q.htm,https://www.sec.gov/Archives/edgar/data/1326801/000132680119000037/fb-03312019x10q.htm,10-Q,1262331
2,EXHIBIT 10.2,fb-03312019xex102.htm,https://www.sec.gov/Archives/edgar/data/1326801/000132680119000037/fb-03312019xex102.htm,EX-10.2,283078
3,EXHIBIT 10.3,fb-03312019xex103.htm,https://www.sec.gov/Archives/edgar/data/1326801/000132680119000037/fb-03312019xex103.htm,EX-10.3,23560
4,EXHIBIT 10.4,fb-03312019xex104.htm,https://www.sec.gov/Archives/edgar/data/1326801/000132680119000037/fb-03312019xex104.htm,EX-10.4,41369
5,EXHIBIT 31.1,fb-03312019xex311.htm,https://www.sec.gov/Archives/edgar/data/1326801/000132680119000037/fb-03312019xex311.htm,EX-31.1,10665
6,EXHIBIT 31.2,fb-03312019xex312.htm,https://www.sec.gov/Archives/edgar/data/1326801/000132680119000037/fb-03312019xex312.htm,EX-31.2,10652
7,EXHIBIT 32.1,fb-03312019xex321.htm,https://www.sec.gov/Archives/edgar/data/1326801/000132680119000037/fb-03312019xex321.htm,EX-32.1,7821
8,EXHIBIT 32.2,fb-03312019xex322.htm,https://www.sec.gov/Archives/edgar/data/1326801/000132680119000037/fb-03312019xex322.htm,EX-32.2,7828
15,,daugraphsq119.jpg,https://www.sec.gov/Archives/edgar/data/1326801/000132680119000037/daugraphsq119.jpg,GRAPHIC,220073
16,,maugraphsq119a01.jpg,https://www.sec.gov/Archives/edgar/data/1326801/000132680119000037/maugraphsq119a01.jpg,GRAPHIC,194881
17,,revandarpu06302017a02.jpg,https://www.sec.gov/Archives/edgar/data/1326801/000132680119000037/revandarpu06302017a02.jpg,GRAPHIC,13431
18,,revenuegraphsq119.jpg,https://www.sec.gov/Archives/edgar/data/1326801/000132680119000037/revenuegraphsq119.jpg,GRAPHIC,194086
NA,Complete submission text file,0001326801-19-000037.txt,https://www.sec.gov/Archives/edgar/data/1326801/000132680119000037/0001326801-19-000037.txt, ,7109686
9,XBRL INSTANCE DOCUMENT,fb-20190331.xml,https://www.sec.gov/Archives/edgar/data/1326801/000132680119000037/fb-20190331.xml,EX-101.INS,1214448
10,XBRL TAXONOMY EXTENSION SCHEMA DOCUMENT,fb-20190331.xsd,https://www.sec.gov/Archives/edgar/data/1326801/000132680119000037/fb-20190331.xsd,EX-101.SCH,38877
11,XBRL TAXONOMY EXTENSION CALCULATION LINKBASE DOCUMENT,fb-20190331_cal.xml,https://www.sec.gov/Archives/edgar/data/1326801/000132680119000037/fb-20190331_cal.xml,EX-101.CAL,89052
12,XBRL TAXONOMY EXTENSION DEFINITION LINKBASE DOCUMENT,fb-20190331_def.xml,https://www.sec.gov/Archives/edgar/data/1326801/000132680119000037/fb-20190331_def.xml,EX-101.DEF,213948
13,XBRL TAXONOMY EXTENSION LABEL LINKBASE DOCUMENT,fb-20190331_lab.xml,https://www.sec.gov/Archives/edgar/data/1326801/000132680119000037/fb-20190331_lab.xml,EX-101.LAB,582925
14,XBRL TAXONOMY EXTENSION PRESENTATION LINKBASE DOCUMENT,fb-20190331_pre.xml,https://www.sec.gov/Archives/edgar/data/1326801/000132680119000037/fb-20190331_pre.xml,EX-101.PRE,330631
