seq,description,document,href,type,size
1,FORM 10-Q,d927922d10q.htm,https://www.sec.gov/Archives/edgar/data/320193/000119312515259935/d927922d10q.htm,10-Q,823811
2,EX-31.1,d927922dex311.htm,https://www.sec.gov/Archives/edgar/data/320193/000119312515259935/d927922dex311.htm,EX-31.1,8974
3,EX-31.2,d927922dex312.htm,https://www.sec.gov/Archives/edgar/data/320193/000119312515259935/d927922dex312.htm,EX-31.2,9137
4,EX-32.1,d927922dex321.htm,https://www.sec.gov/Archives/edgar/data/320193/000119312515259935/d927922dex321.htm,EX-32.1,4573
11,GRAPHIC,g927922tx_logo.jpg,https://www.sec.gov/Archives/edgar/data/320193/000119312515259935/g927922tx_logo.jpg,GRAPHIC,1779
NA,Complete submission text file,0001193125-15-259935.txt,https://www.sec.gov/Archives/edgar/data/320193/000119312515259935/0001193125-15-259935.txt, ,6580324
5,XBRL INSTANCE DOCUMENT,aapl-20150627.xml,https://www.sec.gov/Archives/edgar/data/320193/000119312515259935/aapl-20150627.xml,EX-101.INS,1658267
6,XBRL TAXONOMY EXTENSION SCHEMA,aapl-20150627.xsd,https://www.sec.gov/Archives/edgar/data/320193/000119312515259935/aapl-20150627.xsd,EX-101.SCH,59272
7,XBRL TAXONOMY EXTENSION CALCULATION LINKBASE,aapl-20150627_cal.xml,https://www.sec.gov/Archives/edgar/data/320193/000119312515259935/aapl-20150627_cal.xml,EX-101.CAL,86925
8,XBRL TAXONOMY EXTENSION DEFINITION LINKBASE,aapl-20150627_def.xml,https://www.sec.gov/Archives/edgar/data/320193/000119312515259935/aapl-20150627_def.xml,EX-101.DEF,380274
9,XBRL TAXONOMY EXTENSION LABEL LINKBASE,aapl-20150627_lab.xml,https://www.sec.gov/Archives/edgar/data/320193/000119312515259935/aapl-20150627_lab.xml,EX-101.LAB,521705
10,XBRL TAXONOMY EXTENSION PRESENTATION LINKBASE,aapl-20150627_pre.xml,https://www.sec.gov/Archives/edgar/data/320193/000119312515259935/aapl-20150627_pre.xml,EX-101.PRE,443779
