seq,description,document,href,type,size
1,3Q 2017 10-Q,a3q10q10-01x17.htm,https://www.sec.gov/Archives/edgar/data/200406/000020040617000052/a3q10q10-01x17.htm,10-Q,1847501
2,EXHIBIT 31.1 CEO CERTIFICATION,a201710-q3qexhibit311ceoce.htm,https://www.sec.gov/Archives/edgar/data/200406/000020040617000052/a201710-q3qexhibit311ceoce.htm,EX-31.1,9414
3,EXHIBIT 31.2 CFO CERTIFICATION,a201710-q3qexhibit311cfoce.htm,https://www.sec.gov/Archives/edgar/data/200406/000020040617000052/a201710-q3qexhibit311cfoce.htm,EX-31.2,10113
4,EXHIBIT 32.1 CEO 906 CERTIFICATION,a201710-q3qexhibit321ceoce.htm,https://www.sec.gov/Archives/edgar/data/200406/000020040617000052/a201710-q3qexhibit321ceoce.htm,EX-32.1,11509
5,EXHIBIT 32.2 CFO CERTIFICATION 906,a201710-q3qexhibit322cfoce.htm,https://www.sec.gov/Archives/edgar/data/200406/000020040617000052/a201710-q3qexhibit322cfoce.htm,EX-32.2,12023
12,,jnjlogoa03a01a01a01a01a08.jpg,https://www.sec.gov/Archives/edgar/data/200406/000020040617000052/jnjlogoa03a01a01a01a01a08.jpg,GRAPHIC,4649
NA,Complete submission text file,0000200406-17-000052.txt,https://www.sec.gov/Archives/edgar/data/200406/000020040617000052/0000200406-17-000052.txt, ,9829442
6,XBRL INSTANCE DOCUMENT,jnj-20171001.xml,https://www.sec.gov/Archives/edgar/data/200406/000020040617000052/jnj-20171001.xml,EX-101.INS,2434768
7,XBRL TAXONOMY EXTENSION SCHEMA DOCUMENT,jnj-20171001.xsd,https://www.sec.gov/Archives/edgar/data/200406/000020040617000052/jnj-20171001.xsd,EX-101.SCH,53719
8,XBRL TAXONOMY EXTENSION CALCULATION LINKBASE DOCUMENT,jnj-20171001_cal.xml,https://www.sec.gov/Archives/edgar/data/200406/000020040617000052/jnj-20171001_cal.xml,EX-101.CAL,111200
9,XBRL TAXONOMY EXTENSION DEFINITION LINKBASE DOCUMENT,jnj-20171001_def.xml,https://www.sec.gov/Archives/edgar/data/200406/000020040617000052/jnj-20171001_def.xml,EX-101.DEF,342124
10,XBRL TAXONOMY EXTENSION LABEL LINKBASE DOCUMENT,jnj-20171001_lab.xml,https://www.sec.gov/Archives/edgar/data/200406/000020040617000052/jnj-20171001_lab.xml,EX-101.LAB,815106
11,XBRL TAXONOMY EXTENSION PRESENTATION LINKBASE DOCUMENT,jnj-20171001_pre.xml,https://www.sec.gov/Archives/edgar/data/200406/000020040617000052/jnj-20171001_pre.xml,EX-101.PRE,489761
