seq,description,document,href,type,size
1,10-Q,unp-20170331x10q.htm,https://www.sec.gov/Archives/edgar/data/100885/000010088517000114/unp-20170331x10q.htm,10-Q,1486500
2,EX-12,unp-20170331xex12.htm,https://www.sec.gov/Archives/edgar/data/100885/000010088517000114/unp-20170331xex12.htm,EX-12,28009
3,EX-31. (A),unp-20170331xex31_a.htm,https://www.sec.gov/Archives/edgar/data/100885/000010088517000114/unp-20170331xex31_a.htm,EX-31. (A),18301
4,EX-31. (B),unp-20170331xex31_b.htm,https://www.sec.gov/Archives/edgar/data/100885/000010088517000114/unp-20170331xex31_b.htm,EX-31. (B),18094
5,EX-32,unp-20170331xex32.htm,https://www.sec.gov/Archives/edgar/data/100885/000010088517000114/unp-20170331xex32.htm,EX-32,14299
NA,Complete submission text file,0000100885-17-000114.txt,https://www.sec.gov/Archives/edgar/data/100885/000010088517000114/0000100885-17-000114.txt, ,6117047
6,EX-101.INS,unp-20170331.xml,https://www.sec.gov/Archives/edgar/data/100885/000010088517000114/unp-20170331.xml,EX-101.INS,1324152
7,EX-101.SCH,unp-20170331.xsd,https://www.sec.gov/Archives/edgar/data/100885/000010088517000114/unp-20170331.xsd,EX-101.SCH,46876
8,EX-101.CAL,unp-20170331_cal.xml,https://www.sec.gov/Archives/edgar/data/100885/000010088517000114/unp-20170331_cal.xml,EX-101.CAL,50741
9,EX-101.DEF,unp-20170331_def.xml,https://www.sec.gov/Archives/edgar/data/100885/000010088517000114/unp-20170331_def.xml,EX-101.DEF,148106
10,EX-101.LAB,unp-20170331_lab.xml,https://www.sec.gov/Archives/edgar/data/100885/000010088517000114/unp-20170331_lab.xml,EX-101.LAB,371703
11,EX-101.PRE,unp-20170331_pre.xml,https://www.sec.gov/Archives/edgar/data/100885/000010088517000114/unp-20170331_pre.xml,EX-101.PRE,312884
