seq,description,document,href,type,size
1,10-Q,ecl-20180331x10q.htm,https://www.sec.gov/Archives/edgar/data/31462/000155837018003829/ecl-20180331x10q.htm,10-Q,4915887
2,EX-15.1,ecl-20180331ex151c8bb14.htm,https://www.sec.gov/Archives/edgar/data/31462/000155837018003829/ecl-20180331ex151c8bb14.htm,EX-15.1,10867
3,EX-31.1,ecl-20180331ex31118ed60.htm,https://www.sec.gov/Archives/edgar/data/31462/000155837018003829/ecl-20180331ex31118ed60.htm,EX-31.1,16311
4,EX-31.2,ecl-20180331ex3120bd103.htm,https://www.sec.gov/Archives/edgar/data/31462/000155837018003829/ecl-20180331ex3120bd103.htm,EX-31.2,15673
5,EX-32.1,ecl-20180331ex3213bb089.htm,https://www.sec.gov/Archives/edgar/data/31462/000155837018003829/ecl-20180331ex3213bb089.htm,EX-32.1,9297
NA,Complete submission text file,0001558370-18-003829.txt,https://www.sec.gov/Archives/edgar/data/31462/000155837018003829/0001558370-18-003829.txt, ,18236007
6,EX-101.INS,ecl-20180331.xml,https://www.sec.gov/Archives/edgar/data/31462/000155837018003829/ecl-20180331.xml,EX-101.INS,5253361
7,EX-101.SCH,ecl-20180331.xsd,https://www.sec.gov/Archives/edgar/data/31462/000155837018003829/ecl-20180331.xsd,EX-101.SCH,59684
8,EX-101.CAL,ecl-20180331_cal.xml,https://www.sec.gov/Archives/edgar/data/31462/000155837018003829/ecl-20180331_cal.xml,EX-101.CAL,87768
9,EX-101.DEF,ecl-20180331_def.xml,https://www.sec.gov/Archives/edgar/data/31462/000155837018003829/ecl-20180331_def.xml,EX-101.DEF,295032
10,EX-101.LAB,ecl-20180331_lab.xml,https://www.sec.gov/Archives/edgar/data/31462/000155837018003829/ecl-20180331_lab.xml,EX-101.LAB,600191
11,EX-101.PRE,ecl-20180331_pre.xml,https://www.sec.gov/Archives/edgar/data/31462/000155837018003829/ecl-20180331_pre.xml,EX-101.PRE,482736
