seq,description,document,href,type,size
1,10-Q,nee10q3q2019.htm,https://www.sec.gov/Archives/edgar/data/37634/000075330819000207/nee10q3q2019.htm,10-Q,5166823
2,EXHIBIT 4.C,nee-q32019xex4c.htm,https://www.sec.gov/Archives/edgar/data/37634/000075330819000207/nee-q32019xex4c.htm,EX-4.C,980265
3,EXHIBIT 4.D,nee-q32019xex4d.htm,https://www.sec.gov/Archives/edgar/data/37634/000075330819000207/nee-q32019xex4d.htm,EX-4.D,353028
4,EXHIBIT 4.E,nee-q32019xex4e.htm,https://www.sec.gov/Archives/edgar/data/37634/000075330819000207/nee-q32019xex4e.htm,EX-4.E,229637
5,EXHIBIT 4.F,nee-q32019xex4f.htm,https://www.sec.gov/Archives/edgar/data/37634/000075330819000207/nee-q32019xex4f.htm,EX-4.F,78610
6,EXHIBIT 31.A,nee-q32019xex31a.htm,https://www.sec.gov/Archives/edgar/data/37634/000075330819000207/nee-q32019xex31a.htm,EX-31.A,14156
7,EXHIBIT 31.B,nee-q32019xex31b.htm,https://www.sec.gov/Archives/edgar/data/37634/000075330819000207/nee-q32019xex31b.htm,EX-31.B,13807
8,EXHIBIT 31.C,nee-q32019xex31c.htm,https://www.sec.gov/Archives/edgar/data/37634/000075330819000207/nee-q32019xex31c.htm,EX-31.C,14159
9,EXHIBIT 31.D,nee-q32019xex31d.htm,https://www.sec.gov/Archives/edgar/data/37634/000075330819000207/nee-q32019xex31d.htm,EX-31.D,14450
10,EXHIBIT 32.A,nee-q32019xex32a.htm,https://www.sec.gov/Archives/edgar/data/37634/000075330819000207/nee-q32019xex32a.htm,EX-32.A,11453
11,EXHIBIT 32.B,nee-q32019xex32b.htm,https://www.sec.gov/Archives/edgar/data/37634/000075330819000207/nee-q32019xex32b.htm,EX-32.B,11471
17,,fpl.jpg,https://www.sec.gov/Archives/edgar/data/37634/000075330819000207/fpl.jpg,GRAPHIC,57468
18,,nexteraenergy.jpg,https://www.sec.gov/Archives/edgar/data/37634/000075330819000207/nexteraenergy.jpg,GRAPHIC,297471
NA,Complete submission text file,0000753308-19-000207.txt,https://www.sec.gov/Archives/edgar/data/37634/000075330819000207/0000753308-19-000207.txt, ,24357482
12,XBRL TAXONOMY EXTENSION SCHEMA DOCUMENT,nee-20190930.xsd,https://www.sec.gov/Archives/edgar/data/37634/000075330819000207/nee-20190930.xsd,EX-101.SCH,94916
13,XBRL TAXONOMY EXTENSION CALCULATION LINKBASE DOCUMENT,nee-20190930_cal.xml,https://www.sec.gov/Archives/edgar/data/37634/000075330819000207/nee-20190930_cal.xml,EX-101.CAL,137656
14,XBRL TAXONOMY EXTENSION DEFINITION LINKBASE DOCUMENT,nee-20190930_def.xml,https://www.sec.gov/Archives/edgar/data/37634/000075330819000207/nee-20190930_def.xml,EX-101.DEF,615808
15,XBRL TAXONOMY EXTENSION LABEL LINKBASE DOCUMENT,nee-20190930_lab.xml,https://www.sec.gov/Archives/edgar/data/37634/000075330819000207/nee-20190930_lab.xml,EX-101.LAB,1169777
16,XBRL TAXONOMY EXTENSION PRESENTATION LINKBASE DOCUMENT,nee-20190930_pre.xml,https://www.sec.gov/Archives/edgar/data/37634/000075330819000207/nee-20190930_pre.xml,EX-101.PRE,694023
48,EXTRACTED XBRL INSTANCE DOCUMENT,nee10q3q2019_htm.xml,https://www.sec.gov/Archives/edgar/data/37634/000075330819000207/nee10q3q2019_htm.xml,XML,5866666
