seq,description,document,href,type,size
1,10-Q,amt10qq32015.htm,https://www.sec.gov/Archives/edgar/data/1053507/000162828015008027/amt10qq32015.htm,10-Q,2472184
2,EXHIBIT 12,exhibit12q32015.htm,https://www.sec.gov/Archives/edgar/data/1053507/000162828015008027/exhibit12q32015.htm,EX-12,86550
3,EXHIBIT 31.1,exhibit311q32015.htm,https://www.sec.gov/Archives/edgar/data/1053507/000162828015008027/exhibit311q32015.htm,EX-31.1,16236
4,EXHIBIT 31.2,exhibit312q32015.htm,https://www.sec.gov/Archives/edgar/data/1053507/000162828015008027/exhibit312q32015.htm,EX-31.2,16793
5,EXHIBIT 32,exhibit32q32015.htm,https://www.sec.gov/Archives/edgar/data/1053507/000162828015008027/exhibit32q32015.htm,EX-32,19329
NA,Complete submission text file,0001628280-15-008027.txt,https://www.sec.gov/Archives/edgar/data/1053507/000162828015008027/0001628280-15-008027.txt, ,12926323
6,XBRL INSTANCE DOCUMENT,amt-20150930.xml,https://www.sec.gov/Archives/edgar/data/1053507/000162828015008027/amt-20150930.xml,EX-101.INS,3086434
7,XBRL TAXONOMY EXTENSION SCHEMA DOCUMENT,amt-20150930.xsd,https://www.sec.gov/Archives/edgar/data/1053507/000162828015008027/amt-20150930.xsd,EX-101.SCH,69640
8,XBRL TAXONOMY EXTENSION CALCULATION LINKBASE DOCUMENT,amt-20150930_cal.xml,https://www.sec.gov/Archives/edgar/data/1053507/000162828015008027/amt-20150930_cal.xml,EX-101.CAL,104473
9,XBRL TAXONOMY EXTENSION DEFINITION LINKBASE DOCUMENT,amt-20150930_def.xml,https://www.sec.gov/Archives/edgar/data/1053507/000162828015008027/amt-20150930_def.xml,EX-101.DEF,457553
10,XBRL TAXONOMY EXTENSION LABEL LINKBASE DOCUMENT,amt-20150930_lab.xml,https://www.sec.gov/Archives/edgar/data/1053507/000162828015008027/amt-20150930_lab.xml,EX-101.LAB,923145
11,XBRL TAXONOMY EXTENSION PRESENTATION LINKBASE DOCUMENT,amt-20150930_pre.xml,https://www.sec.gov/Archives/edgar/data/1053507/000162828015008027/amt-20150930_pre.xml,EX-101.PRE,598331
