seq,description,document,href,type,size
1,10-Q,pg-20191231.htm,https://www.sec.gov/Archives/edgar/data/80424/000008042420000017/pg-20191231.htm,10-Q,2454702
2,REGULATIONS OF THE COMPENSATION AND LEADERSHIP DEVELOPMENT COMMITTEE FOR THE PRO,fy1920q2ond10-qexhibit8.htm,https://www.sec.gov/Archives/edgar/data/80424/000008042420000017/fy1920q2ond10-qexhibit8.htm,EX-10.1,252633
3,THE PROCTER & GAMBLE PERFORMANCE STOCK PROGRAM SUMMARY,fy1920q2ond10-qexhibit10.htm,https://www.sec.gov/Archives/edgar/data/80424/000008042420000017/fy1920q2ond10-qexhibit10.htm,EX-10.2,30180
4,SUMMARY OF THE COMPANY'S LONG-TERM INCENTIVE PROGRAM,fy1920q2ond10-qexhibit9.htm,https://www.sec.gov/Archives/edgar/data/80424/000008042420000017/fy1920q2ond10-qexhibit9.htm,EX-10.3,21595
5,SUMMARY OF THE COMPANY'S SHORT TERM ACHIEVEMENT REWARD PROGRAM,fy1920q2ond10-qexhibit5.htm,https://www.sec.gov/Archives/edgar/data/80424/000008042420000017/fy1920q2ond10-qexhibit5.htm,EX-10.4,27594
6,SUMMARY OF THE COMPANY'S RETIREMENT PLAN RESTORATION PROGRAM,fy1920q2ond10-qexhibit4.htm,https://www.sec.gov/Archives/edgar/data/80424/000008042420000017/fy1920q2ond10-qexhibit4.htm,EX-10.5,12103
7,COMPANY'S FORM OF SEPARATION LETTER & RELEASE,fy1920q2ond10-qexhibit7.htm,https://www.sec.gov/Archives/edgar/data/80424/000008042420000017/fy1920q2ond10-qexhibit7.htm,EX-10.6,31793
8,COMPANY'S FORM OF SEPARATION AGREEMENT & RELEASE,fy1920q2ond10-qexhibit6.htm,https://www.sec.gov/Archives/edgar/data/80424/000008042420000017/fy1920q2ond10-qexhibit6.htm,EX-10.7,151059
9,EXHIBIT 31.1 RULE 13A-14(A)/15D-14(A) CERTIFICATION CHIEF EXECUTIVE OFFICER,fy1920q2ond10-qexhibit3.htm,https://www.sec.gov/Archives/edgar/data/80424/000008042420000017/fy1920q2ond10-qexhibit3.htm,EX-31.1,12033
10,EXHIBIT 31.2 RULE 13A-14(A)/15D-14(A) CERTIFICATION CHIEF EXECUTIVE OFFICER,fy1920q2ond10-qexhibit2.htm,https://www.sec.gov/Archives/edgar/data/80424/000008042420000017/fy1920q2ond10-qexhibit2.htm,EX-31.2,12022
11,SECTION 1350 CERTIFICATION CHIEF EXECUTIVE OFFICER,fy1920q2ond10-qexhibit.htm,https://www.sec.gov/Archives/edgar/data/80424/000008042420000017/fy1920q2ond10-qexhibit.htm,EX-32.1,5918
12,SECTION 1350 CERTIFICATION-CHIEF FINANCIAL OFFICER,fy1920q2ond10-qexhibit1.htm,https://www.sec.gov/Archives/edgar/data/80424/000008042420000017/fy1920q2ond10-qexhibit1.htm,EX-32.2,5853
18,,pg-20191231_g1.jpg,https://www.sec.gov/Archives/edgar/data/80424/000008042420000017/pg-20191231_g1.jpg,GRAPHIC,6542
NA,Complete submission text file,0000080424-20-000017.txt,https://www.sec.gov/Archives/edgar/data/80424/000008042420000017/0000080424-20-000017.txt, ,9430679
13,XBRL TAXONOMY EXTENSION SCHEMA DOCUMENT,pg-20191231.xsd,https://www.sec.gov/Archives/edgar/data/80424/000008042420000017/pg-20191231.xsd,EX-101.SCH,44929
14,XBRL TAXONOMY EXTENSION CALCULATION LINKBASE DOCUMENT,pg-20191231_cal.xml,https://www.sec.gov/Archives/edgar/data/80424/000008042420000017/pg-20191231_cal.xml,EX-101.CAL,75215
15,XBRL TAXONOMY EXTENSION DEFINITION LINKBASE DOCUMENT,pg-20191231_def.xml,https://www.sec.gov/Archives/edgar/data/80424/000008042420000017/pg-20191231_def.xml,EX-101.DEF,311428
16,XBRL TAXONOMY EXTENSION LABEL LINKBASE DOCUMENT,pg-20191231_lab.xml,https://www.sec.gov/Archives/edgar/data/80424/000008042420000017/pg-20191231_lab.xml,EX-101.LAB,554589
17,XBRL TAXONOMY EXTENSION PRESENTATION LINKBASE DOCUMENT,pg-20191231_pre.xml,https://www.sec.gov/Archives/edgar/data/80424/000008042420000017/pg-20191231_pre.xml,EX-101.PRE,392831
23,EXTRACTED XBRL INSTANCE DOCUMENT,pg-20191231_htm.xml,https://www.sec.gov/Archives/edgar/data/80424/000008042420000017/pg-20191231_htm.xml,XML,1861167
