seq,description,document,href,type,size
1,10-Q,a15-11987_110q.htm,https://www.sec.gov/Archives/edgar/data/31462/000110465915056831/a15-11987_110q.htm,10-Q,2342153
2,EX-10.1,a15-11987_1ex10d1.htm,https://www.sec.gov/Archives/edgar/data/31462/000110465915056831/a15-11987_1ex10d1.htm,EX-10.1,12072
3,EX-10.2,a15-11987_1ex10d2.htm,https://www.sec.gov/Archives/edgar/data/31462/000110465915056831/a15-11987_1ex10d2.htm,EX-10.2,11720
4,EX-15.1,a15-11987_1ex15d1.htm,https://www.sec.gov/Archives/edgar/data/31462/000110465915056831/a15-11987_1ex15d1.htm,EX-15.1,6706
5,EX-31.1,a15-11987_1ex31d1.htm,https://www.sec.gov/Archives/edgar/data/31462/000110465915056831/a15-11987_1ex31d1.htm,EX-31.1,25611
6,EX-32.1,a15-11987_1ex32d1.htm,https://www.sec.gov/Archives/edgar/data/31462/000110465915056831/a15-11987_1ex32d1.htm,EX-32.1,7213
NA,Complete submission text file,0001104659-15-056831.txt,https://www.sec.gov/Archives/edgar/data/31462/000110465915056831/0001104659-15-056831.txt, ,11507251
7,XBRL INSTANCE DOCUMENT,ecl-20150630.xml,https://www.sec.gov/Archives/edgar/data/31462/000110465915056831/ecl-20150630.xml,EX-101.INS,3178037
8,XBRL TAXONOMY EXTENSION SCHEMA DOCUMENT,ecl-20150630.xsd,https://www.sec.gov/Archives/edgar/data/31462/000110465915056831/ecl-20150630.xsd,EX-101.SCH,63846
9,XBRL TAXONOMY EXTENSION CALCULATION LINKBASE DOCUMENT,ecl-20150630_cal.xml,https://www.sec.gov/Archives/edgar/data/31462/000110465915056831/ecl-20150630_cal.xml,EX-101.CAL,93772
10,XBRL TAXONOMY EXTENSION DEFINITION LINKBASE DOCUMENT,ecl-20150630_def.xml,https://www.sec.gov/Archives/edgar/data/31462/000110465915056831/ecl-20150630_def.xml,EX-101.DEF,233564
11,XBRL TAXONOMY EXTENSION LABELS LINKBASE DOCUMENT,ecl-20150630_lab.xml,https://www.sec.gov/Archives/edgar/data/31462/000110465915056831/ecl-20150630_lab.xml,EX-101.LAB,652636
12,XBRL TAXONOMY EXTENSION PRESENTATION LINKBASE DOCUMENT,ecl-20150630_pre.xml,https://www.sec.gov/Archives/edgar/data/31462/000110465915056831/ecl-20150630_pre.xml,EX-101.PRE,444873
