seq,description,document,href,type,size
1,"NEXTERA ENERGY, INC. 2015 FORM 10-K",nee-12312015x10k.htm,https://www.sec.gov/Archives/edgar/data/37634/000075330816000337/nee-12312015x10k.htm,10-K,6129322
2,EXHIBIT 10(D),nee-12312015ex10d.htm,https://www.sec.gov/Archives/edgar/data/37634/000075330816000337/nee-12312015ex10d.htm,EX-10.D,16034
3,EXHIBIT 10(JJ),nee-12312015ex10jj.htm,https://www.sec.gov/Archives/edgar/data/37634/000075330816000337/nee-12312015ex10jj.htm,EX-10.JJ,14203
4,EXHIBIT 10(O),nee-12312015ex10o.htm,https://www.sec.gov/Archives/edgar/data/37634/000075330816000337/nee-12312015ex10o.htm,EX-10.O,49837
5,EXHIBIT 12(A),nee-12312015ex12a.htm,https://www.sec.gov/Archives/edgar/data/37634/000075330816000337/nee-12312015ex12a.htm,EX-12.A,69286
6,EXHIBIT 12(B),nee-12312015ex12b.htm,https://www.sec.gov/Archives/edgar/data/37634/000075330816000337/nee-12312015ex12b.htm,EX-12.B,60310
7,EXHIBIT 21,nee-12312015ex21.htm,https://www.sec.gov/Archives/edgar/data/37634/000075330816000337/nee-12312015ex21.htm,EX-21,10506
8,EXHIBIT 23,nee-12312015ex23.htm,https://www.sec.gov/Archives/edgar/data/37634/000075330816000337/nee-12312015ex23.htm,EX-23,16523
9,EXHIBIT 31(A),nee-12312015ex31a.htm,https://www.sec.gov/Archives/edgar/data/37634/000075330816000337/nee-12312015ex31a.htm,EX-31.A,12253
10,EXHIBIT 31(B),nee-12312015ex31b.htm,https://www.sec.gov/Archives/edgar/data/37634/000075330816000337/nee-12312015ex31b.htm,EX-31.B,12461
11,EXHIBIT 31(C),nee-12312015ex31c.htm,https://www.sec.gov/Archives/edgar/data/37634/000075330816000337/nee-12312015ex31c.htm,EX-31.C,12329
12,EXHIBIT 31(D),nee-12312015ex31d.htm,https://www.sec.gov/Archives/edgar/data/37634/000075330816000337/nee-12312015ex31d.htm,EX-31.D,12467
13,EXHIBIT 32(A),nee-12312015ex32a.htm,https://www.sec.gov/Archives/edgar/data/37634/000075330816000337/nee-12312015ex32a.htm,EX-32.A,9209
14,EXHIBIT 32(B),nee-12312015ex32b.htm,https://www.sec.gov/Archives/edgar/data/37634/000075330816000337/nee-12312015ex32b.htm,EX-32.B,9298
21,,customeraccountsa02.gif,https://www.sec.gov/Archives/edgar/data/37634/000075330816000337/customeraccountsa02.gif,GRAPHIC,31425
22,,fiveyeartotalreturn_2015.gif,https://www.sec.gov/Archives/edgar/data/37634/000075330816000337/fiveyeartotalreturn_2015.gif,GRAPHIC,28816
23,,fpla01a01a01a01.jpg,https://www.sec.gov/Archives/edgar/data/37634/000075330816000337/fpla01a01a01a01.jpg,GRAPHIC,9484
24,,fplmapa01.jpg,https://www.sec.gov/Archives/edgar/data/37634/000075330816000337/fplmapa01.jpg,GRAPHIC,821211
25,,nee-1231201_chartx49677a01.jpg,https://www.sec.gov/Archives/edgar/data/37634/000075330816000337/nee-1231201_chartx49677a01.jpg,GRAPHIC,34793
26,,nee-1231201_chartx49962a01.jpg,https://www.sec.gov/Archives/edgar/data/37634/000075330816000337/nee-1231201_chartx49962a01.jpg,GRAPHIC,31109
27,,nee-1231201_chartx51032a01.jpg,https://www.sec.gov/Archives/edgar/data/37634/000075330816000337/nee-1231201_chartx51032a01.jpg,GRAPHIC,31496
28,,neeorganizationalcharta02a01.gif,https://www.sec.gov/Archives/edgar/data/37634/000075330816000337/neeorganizationalcharta02a01.gif,GRAPHIC,48045
29,,neergenerationfacilities2015.jpg,https://www.sec.gov/Archives/edgar/data/37634/000075330816000337/neergenerationfacilities2015.jpg,GRAPHIC,909891
30,,nexteraenergy.jpg,https://www.sec.gov/Archives/edgar/data/37634/000075330816000337/nexteraenergy.jpg,GRAPHIC,17608
31,,operatingrevenuesa04.gif,https://www.sec.gov/Archives/edgar/data/37634/000075330816000337/operatingrevenuesa04.gif,GRAPHIC,20947
32,,residentialbillcompare.gif,https://www.sec.gov/Archives/edgar/data/37634/000075330816000337/residentialbillcompare.gif,GRAPHIC,61752
NA,Complete submission text file,0000753308-16-000337.txt,https://www.sec.gov/Archives/edgar/data/37634/000075330816000337/0000753308-16-000337.txt, ,31748605
15,XBRL INSTANCE DOCUMENT,nee-20151231.xml,https://www.sec.gov/Archives/edgar/data/37634/000075330816000337/nee-20151231.xml,EX-101.INS,7853239
16,XBRL TAXONOMY EXTENSION SCHEMA DOCUMENT,nee-20151231.xsd,https://www.sec.gov/Archives/edgar/data/37634/000075330816000337/nee-20151231.xsd,EX-101.SCH,175051
17,XBRL TAXONOMY EXTENSION CALCULATION LINKBASE DOCUMENT,nee-20151231_cal.xml,https://www.sec.gov/Archives/edgar/data/37634/000075330816000337/nee-20151231_cal.xml,EX-101.CAL,179573
18,XBRL TAXONOMY EXTENSION DEFINITION LINKBASE DOCUMENT,nee-20151231_def.xml,https://www.sec.gov/Archives/edgar/data/37634/000075330816000337/nee-20151231_def.xml,EX-101.DEF,919425
19,XBRL TAXONOMY EXTENSION LABEL LINKBASE DOCUMENT,nee-20151231_lab.xml,https://www.sec.gov/Archives/edgar/data/37634/000075330816000337/nee-20151231_lab.xml,EX-101.LAB,1929053
20,XBRL TAXONOMY EXTENSION PRESENTATION LINKBASE DOCUMENT,nee-20151231_pre.xml,https://www.sec.gov/Archives/edgar/data/37634/000075330816000337/nee-20151231_pre.xml,EX-101.PRE,1063785
