seq,description,document,href,type,size
1,FY 1819 Q3 JFM 10-Q,fy1819q3jfm10-qreport.htm,https://www.sec.gov/Archives/edgar/data/80424/000008042419000031/fy1819q3jfm10-qreport.htm,10-Q,1510090
2,THE PROCTER & GAMBLE PERFORMANCE STOCK PROGRAM SUMMARY,fy1819q3jfm10-qexhibit101.htm,https://www.sec.gov/Archives/edgar/data/80424/000008042419000031/fy1819q3jfm10-qexhibit101.htm,EX-10.1,127857
3,EXHIBIT 31.1 RULE 13A-14(A)/15D-14(A) CERTIFICATION CHIEF EXECUTIVE OFFICER,fy1819q3jfm10-qexhibit311.htm,https://www.sec.gov/Archives/edgar/data/80424/000008042419000031/fy1819q3jfm10-qexhibit311.htm,EX-31.1,12743
4,EXHIBIT 31.2 RULE 13A-14(A)/15D-14(A) CERTIFICATION CHIEF EXECUTIVE OFFICER,fy1819q3jfm10-qexhibit312.htm,https://www.sec.gov/Archives/edgar/data/80424/000008042419000031/fy1819q3jfm10-qexhibit312.htm,EX-31.2,12817
5,SECTION 1350 CERTIFICATION CHIEF EXECUTIVE OFFICER,fy1819q3jfm10-qexhibit321.htm,https://www.sec.gov/Archives/edgar/data/80424/000008042419000031/fy1819q3jfm10-qexhibit321.htm,EX-32.1,5959
6,SECTION 1350 CERTIFICATION-CHIEF FINANCIAL OFFICER,fy1819q3jfm10-qexhibit322.htm,https://www.sec.gov/Archives/edgar/data/80424/000008042419000031/fy1819q3jfm10-qexhibit322.htm,EX-32.2,5903
13,,pglogoa16.jpg,https://www.sec.gov/Archives/edgar/data/80424/000008042419000031/pglogoa16.jpg,GRAPHIC,6542
NA,Complete submission text file,0000080424-19-000031.txt,https://www.sec.gov/Archives/edgar/data/80424/000008042419000031/0000080424-19-000031.txt, ,7132520
7,XBRL INSTANCE DOCUMENT,pg-20190331.xml,https://www.sec.gov/Archives/edgar/data/80424/000008042419000031/pg-20190331.xml,EX-101.INS,1460405
8,XBRL TAXONOMY EXTENSION SCHEMA DOCUMENT,pg-20190331.xsd,https://www.sec.gov/Archives/edgar/data/80424/000008042419000031/pg-20190331.xsd,EX-101.SCH,43863
9,XBRL TAXONOMY EXTENSION CALCULATION LINKBASE DOCUMENT,pg-20190331_cal.xml,https://www.sec.gov/Archives/edgar/data/80424/000008042419000031/pg-20190331_cal.xml,EX-101.CAL,67686
10,XBRL TAXONOMY EXTENSION DEFINITION LINKBASE DOCUMENT,pg-20190331_def.xml,https://www.sec.gov/Archives/edgar/data/80424/000008042419000031/pg-20190331_def.xml,EX-101.DEF,354947
11,XBRL TAXONOMY EXTENSION LABEL LINKBASE DOCUMENT,pg-20190331_lab.xml,https://www.sec.gov/Archives/edgar/data/80424/000008042419000031/pg-20190331_lab.xml,EX-101.LAB,552328
12,XBRL TAXONOMY EXTENSION PRESENTATION LINKBASE DOCUMENT,pg-20190331_pre.xml,https://www.sec.gov/Archives/edgar/data/80424/000008042419000031/pg-20190331_pre.xml,EX-101.PRE,431814
