seq,description,document,href,type,size
1,10-Q,fy1516q1jas10-qreport.htm,https://www.sec.gov/Archives/edgar/data/80424/000008042415000098/fy1516q1jas10-qreport.htm,10-Q,1035805
2,"EXHIBIT 3.2 REGULATIONS AS APPROVED BY THE BOARD OF DIRECTORS ON JUNE 9, 2015",fy1516q1jas10-qexhibit3x2.htm,https://www.sec.gov/Archives/edgar/data/80424/000008042415000098/fy1516q1jas10-qexhibit3x2.htm,EX-3.2,73054
3,EXHIBIT 10.1 SUMMARY OF THE COMPANY'S SHORT TERM ACHIEVEMENT REWARD PROGRAM,fy1516q1jas10-qexhibit10x1.htm,https://www.sec.gov/Archives/edgar/data/80424/000008042415000098/fy1516q1jas10-qexhibit10x1.htm,EX-10.1,33489
4,EXHIBIT 10.2 SHORT TERM ACHIEVEMENT REWARD PROGRAM,fy1516q1jas10-qexhibit10x2.htm,https://www.sec.gov/Archives/edgar/data/80424/000008042415000098/fy1516q1jas10-qexhibit10x2.htm,EX-10.2,241648
5,EXHIBIT 10.3 SUMMARY OF THE COMPANY'S PERFORMANCE STOCK PROGRAM,fy1516q1jas10-qexhibit10x3.htm,https://www.sec.gov/Archives/edgar/data/80424/000008042415000098/fy1516q1jas10-qexhibit10x3.htm,EX-10.3,33364
6,EXHIBIT 10.4 PERFORMANCE STOCK PROGRAM,fy1516q1jas10-qexhibit10x4.htm,https://www.sec.gov/Archives/edgar/data/80424/000008042415000098/fy1516q1jas10-qexhibit10x4.htm,EX-10.4,58568
7,EXHIBIT 10.5 SUMMARY OF THE COMPANY'S KEY MANAGER LONG-TERM INCENTIVE PROGRAM,fy1516q1jas10-qexhibit10x5.htm,https://www.sec.gov/Archives/edgar/data/80424/000008042415000098/fy1516q1jas10-qexhibit10x5.htm,EX-10.5,26384
8,EXHIBIT 10.6 KEY MANAGER LONG-TERM INCENTIVE PROGRAM,fy1516q1jas10-qexhibit10x6.htm,https://www.sec.gov/Archives/edgar/data/80424/000008042415000098/fy1516q1jas10-qexhibit10x6.htm,EX-10.6,359855
9,EXHIBIT 10.7 SUMMARY OF THE COMPANY'S RETIREMENT PLAN RESTORATION PROGRAM,fy1516q1jas10-qexhibit10x7.htm,https://www.sec.gov/Archives/edgar/data/80424/000008042415000098/fy1516q1jas10-qexhibit10x7.htm,EX-10.7,18218
10,EXHIBIT 10.8 RETIREMENT PLAN RESTORATION PROGRAM,fy1516q1jas10-qexhibit10x8.htm,https://www.sec.gov/Archives/edgar/data/80424/000008042415000098/fy1516q1jas10-qexhibit10x8.htm,EX-10.8,59032
11,EXHIBIT 10.9 THE PROCTER & GAMBLE 2014 STOCK AND INCENTIVE COMPENSATION PLAN,fy1516q1jas10-qexhibit10x9.htm,https://www.sec.gov/Archives/edgar/data/80424/000008042415000098/fy1516q1jas10-qexhibit10x9.htm,EX-10.9,47232
12,EXHIBIT 12 COMPUTATION OF RATIO OF EARNINGS TO FIXED CHARGES,fy1516q1jas10-qexhibit12.htm,https://www.sec.gov/Archives/edgar/data/80424/000008042415000098/fy1516q1jas10-qexhibit12.htm,EX-12,57827
13,EXHIBIT 31.1 RULE 13A-14(A)/15D-14(A) CERTIFICATION CHIEF EXECUTIVE OFFICER,fy1516q1jas10-qexhibit311.htm,https://www.sec.gov/Archives/edgar/data/80424/000008042415000098/fy1516q1jas10-qexhibit311.htm,EX-31.1,12918
14,EXHIBIT 31.2 RULE 13A-14(A)/15D-14(A) CERTIFICATION CHIEF FINANCIAL OFFICER,fy1516q1jas10-qexhibit312.htm,https://www.sec.gov/Archives/edgar/data/80424/000008042415000098/fy1516q1jas10-qexhibit312.htm,EX-31.2,12876
15,EXHIBIT 32.1 SECTION 1350 CERTIFICATIONS CHIEF EXECUTIVE OFFICER,fy1516q1jas10-qexhibit321.htm,https://www.sec.gov/Archives/edgar/data/80424/000008042415000098/fy1516q1jas10-qexhibit321.htm,EX-32.1,6124
16,EXHIBIT 32.2 SECTION 1350 CERTIFICATIONS CHIEF FINANCIAL OFFICER,fy1516q1jas10-qexhibit322.htm,https://www.sec.gov/Archives/edgar/data/80424/000008042415000098/fy1516q1jas10-qexhibit322.htm,EX-32.2,5948
23,,pg.jpg,https://www.sec.gov/Archives/edgar/data/80424/000008042415000098/pg.jpg,GRAPHIC,5371
24,,pga01.jpg,https://www.sec.gov/Archives/edgar/data/80424/000008042415000098/pga01.jpg,GRAPHIC,5371
25,,pga02.jpg,https://www.sec.gov/Archives/edgar/data/80424/000008042415000098/pga02.jpg,GRAPHIC,5371
26,,pga03.jpg,https://www.sec.gov/Archives/edgar/data/80424/000008042415000098/pga03.jpg,GRAPHIC,5371
27,,pglogoa01.jpg,https://www.sec.gov/Archives/edgar/data/80424/000008042415000098/pglogoa01.jpg,GRAPHIC,6542
NA,Complete submission text file,0000080424-15-000098.txt,https://www.sec.gov/Archives/edgar/data/80424/000008042415000098/0000080424-15-000098.txt, ,7134511
17,XBRL INSTANCE DOCUMENT,pg-20150930.xml,https://www.sec.gov/Archives/edgar/data/80424/000008042415000098/pg-20150930.xml,EX-101.INS,1395062
18,XBRL TAXONOMY EXTENSION SCHEMA DOCUMENT,pg-20150930.xsd,https://www.sec.gov/Archives/edgar/data/80424/000008042415000098/pg-20150930.xsd,EX-101.SCH,37516
19,XBRL TAXONOMY EXTENSION CALCULATION LINKBASE DOCUMENT,pg-20150930_cal.xml,https://www.sec.gov/Archives/edgar/data/80424/000008042415000098/pg-20150930_cal.xml,EX-101.CAL,72300
20,XBRL TAXONOMY EXTENSION DEFINITION LINKBASE DOCUMENT,pg-20150930_def.xml,https://www.sec.gov/Archives/edgar/data/80424/000008042415000098/pg-20150930_def.xml,EX-101.DEF,257403
21,XBRL TAXONOMY EXTENSION LABEL LINKBASE DOCUMENT,pg-20150930_lab.xml,https://www.sec.gov/Archives/edgar/data/80424/000008042415000098/pg-20150930_lab.xml,EX-101.LAB,511694
22,XBRL TAXONOMY EXTENSION PRESENTATION LINKBASE DOCUMENT,pg-20150930_pre.xml,https://www.sec.gov/Archives/edgar/data/80424/000008042415000098/pg-20150930_pre.xml,EX-101.PRE,345884
