seq,description,document,href,type,size
1,10-Q,a10-qq320186302018.htm,https://www.sec.gov/Archives/edgar/data/320193/000032019318000100/a10-qq320186302018.htm,10-Q,1717147
2,EXHIBIT 31.1,a10-qexhibit3116302018.htm,https://www.sec.gov/Archives/edgar/data/320193/000032019318000100/a10-qexhibit3116302018.htm,EX-31.1,15698
3,EXHIBIT 31.2,a10-qexhibit3126302018.htm,https://www.sec.gov/Archives/edgar/data/320193/000032019318000100/a10-qexhibit3126302018.htm,EX-31.2,15789
4,EXHIBIT 32.1,a10-qexhibit3216302018.htm,https://www.sec.gov/Archives/edgar/data/320193/000032019318000100/a10-qexhibit3216302018.htm,EX-32.1,15378
11,,g66145g66i19.jpg,https://www.sec.gov/Archives/edgar/data/320193/000032019318000100/g66145g66i19.jpg,GRAPHIC,10963
NA,Complete submission text file,0000320193-18-000100.txt,https://www.sec.gov/Archives/edgar/data/320193/000032019318000100/0000320193-18-000100.txt, ,9373238
5,XBRL INSTANCE DOCUMENT,aapl-20180630.xml,https://www.sec.gov/Archives/edgar/data/320193/000032019318000100/aapl-20180630.xml,EX-101.INS,2661290
6,XBRL TAXONOMY EXTENSION SCHEMA DOCUMENT,aapl-20180630.xsd,https://www.sec.gov/Archives/edgar/data/320193/000032019318000100/aapl-20180630.xsd,EX-101.SCH,48082
7,XBRL TAXONOMY EXTENSION CALCULATION LINKBASE DOCUMENT,aapl-20180630_cal.xml,https://www.sec.gov/Archives/edgar/data/320193/000032019318000100/aapl-20180630_cal.xml,EX-101.CAL,84283
8,XBRL TAXONOMY EXTENSION DEFINITION LINKBASE DOCUMENT,aapl-20180630_def.xml,https://www.sec.gov/Archives/edgar/data/320193/000032019318000100/aapl-20180630_def.xml,EX-101.DEF,233283
9,XBRL TAXONOMY EXTENSION LABEL LINKBASE DOCUMENT,aapl-20180630_lab.xml,https://www.sec.gov/Archives/edgar/data/320193/000032019318000100/aapl-20180630_lab.xml,EX-101.LAB,686852
10,XBRL TAXONOMY EXTENSION PRESENTATION LINKBASE DOCUMENT,aapl-20180630_pre.xml,https://www.sec.gov/Archives/edgar/data/320193/000032019318000100/aapl-20180630_pre.xml,EX-101.PRE,385345
