seq,description,document,href,type,size
1,10-K,nee-12312018x10k.htm,https://www.sec.gov/Archives/edgar/data/37634/000075330819000039/nee-12312018x10k.htm,10-K,5392597
2,EXHIBIT 10.HH,nee-q42018xex10hh.htm,https://www.sec.gov/Archives/edgar/data/37634/000075330819000039/nee-q42018xex10hh.htm,EX-10.HH,9558
3,EXHIBIT 10.VV,nee-q42018xex10vv.htm,https://www.sec.gov/Archives/edgar/data/37634/000075330819000039/nee-q42018xex10vv.htm,EX-10.VV,805096
4,EXHIBIT 21,nee-12312018ex21.htm,https://www.sec.gov/Archives/edgar/data/37634/000075330819000039/nee-12312018ex21.htm,EX-21,10473
5,EXHIBIT 23,nee-12312018ex23.htm,https://www.sec.gov/Archives/edgar/data/37634/000075330819000039/nee-12312018ex23.htm,EX-23,17740
6,EXHIBIT 31.A,nee-q42018xex31a.htm,https://www.sec.gov/Archives/edgar/data/37634/000075330819000039/nee-q42018xex31a.htm,EX-31.A,14155
7,EXHIBIT 31.B,nee-q42018xex31b.htm,https://www.sec.gov/Archives/edgar/data/37634/000075330819000039/nee-q42018xex31b.htm,EX-31.B,13800
8,EXHIBIT 31.C,nee-q42018xex31c.htm,https://www.sec.gov/Archives/edgar/data/37634/000075330819000039/nee-q42018xex31c.htm,EX-31.C,14158
9,EXHIBIT 31.D,nee-q42018xex31d.htm,https://www.sec.gov/Archives/edgar/data/37634/000075330819000039/nee-q42018xex31d.htm,EX-31.D,14443
10,EXHIBIT 32,nee-q42018xex32b.htm,https://www.sec.gov/Archives/edgar/data/37634/000075330819000039/nee-q42018xex32b.htm,EX-32,11335
11,EXHIBIT 32.A,nee-q42018xex32a.htm,https://www.sec.gov/Archives/edgar/data/37634/000075330819000039/nee-q42018xex32a.htm,EX-32.A,11321
18,,chart-6e8ae055cc855f65af5.jpg,https://www.sec.gov/Archives/edgar/data/37634/000075330819000039/chart-6e8ae055cc855f65af5.jpg,GRAPHIC,31425
19,,chart-19e897dec0955f048bb.jpg,https://www.sec.gov/Archives/edgar/data/37634/000075330819000039/chart-19e897dec0955f048bb.jpg,GRAPHIC,26424
20,,chart-409d6a35d3da5cad9eb.jpg,https://www.sec.gov/Archives/edgar/data/37634/000075330819000039/chart-409d6a35d3da5cad9eb.jpg,GRAPHIC,28450
21,,chart-d082afb757ae53abaac.jpg,https://www.sec.gov/Archives/edgar/data/37634/000075330819000039/chart-d082afb757ae53abaac.jpg,GRAPHIC,24321
22,,compareresidentialbill2018.gif,https://www.sec.gov/Archives/edgar/data/37634/000075330819000039/compareresidentialbill2018.gif,GRAPHIC,27860
23,,customeraccounts2018.jpg,https://www.sec.gov/Archives/edgar/data/37634/000075330819000039/customeraccounts2018.jpg,GRAPHIC,57774
24,,fpl.jpg,https://www.sec.gov/Archives/edgar/data/37634/000075330819000039/fpl.jpg,GRAPHIC,57468
25,,fplserviceterritory2018.gif,https://www.sec.gov/Archives/edgar/data/37634/000075330819000039/fplserviceterritory2018.gif,GRAPHIC,54091
26,,nee.jpg,https://www.sec.gov/Archives/edgar/data/37634/000075330819000039/nee.jpg,GRAPHIC,297471
27,,neeorganizationalchart_2018.jpg,https://www.sec.gov/Archives/edgar/data/37634/000075330819000039/neeorganizationalchart_2018.jpg,GRAPHIC,56289
28,,neergeneratingfacilities2018.jpg,https://www.sec.gov/Archives/edgar/data/37634/000075330819000039/neergeneratingfacilities2018.jpg,GRAPHIC,1355608
29,,neeriso2018.jpg,https://www.sec.gov/Archives/edgar/data/37634/000075330819000039/neeriso2018.jpg,GRAPHIC,1199223
30,,operatingrevenues2018.jpg,https://www.sec.gov/Archives/edgar/data/37634/000075330819000039/operatingrevenues2018.jpg,GRAPHIC,68837
31,,totalreturn2018.gif,https://www.sec.gov/Archives/edgar/data/37634/000075330819000039/totalreturn2018.gif,GRAPHIC,48521
NA,Complete submission text file,0000753308-19-000039.txt,https://www.sec.gov/Archives/edgar/data/37634/000075330819000039/0000753308-19-000039.txt, ,35709280
12,XBRL INSTANCE DOCUMENT,nee-20181231.xml,https://www.sec.gov/Archives/edgar/data/37634/000075330819000039/nee-20181231.xml,EX-101.INS,8659703
13,XBRL TAXONOMY EXTENSION SCHEMA DOCUMENT,nee-20181231.xsd,https://www.sec.gov/Archives/edgar/data/37634/000075330819000039/nee-20181231.xsd,EX-101.SCH,173290
14,XBRL TAXONOMY EXTENSION CALCULATION LINKBASE DOCUMENT,nee-20181231_cal.xml,https://www.sec.gov/Archives/edgar/data/37634/000075330819000039/nee-20181231_cal.xml,EX-101.CAL,191120
15,XBRL TAXONOMY EXTENSION DEFINITION LINKBASE DOCUMENT,nee-20181231_def.xml,https://www.sec.gov/Archives/edgar/data/37634/000075330819000039/nee-20181231_def.xml,EX-101.DEF,1052676
16,XBRL TAXONOMY EXTENSION LABEL LINKBASE DOCUMENT,nee-20181231_lab.xml,https://www.sec.gov/Archives/edgar/data/37634/000075330819000039/nee-20181231_lab.xml,EX-101.LAB,1997083
17,XBRL TAXONOMY EXTENSION PRESENTATION LINKBASE DOCUMENT,nee-20181231_pre.xml,https://www.sec.gov/Archives/edgar/data/37634/000075330819000039/nee-20181231_pre.xml,EX-101.PRE,1194997
