seq,description,document,href,type,size
1,10-K,a10-k20199282019.htm,https://www.sec.gov/Archives/edgar/data/320193/000032019319000119/a10-k20199282019.htm,10-K,2714096
2,EXHIBIT 4.1,a10-kexhibit412019.htm,https://www.sec.gov/Archives/edgar/data/320193/000032019319000119/a10-kexhibit412019.htm,EX-4.1,140694
3,EXHIBIT 10.15,a10-kexhibit10152019.htm,https://www.sec.gov/Archives/edgar/data/320193/000032019319000119/a10-kexhibit10152019.htm,EX-10.15,50665
4,EXHIBIT 10.16,a10-kexhibit10162019.htm,https://www.sec.gov/Archives/edgar/data/320193/000032019319000119/a10-kexhibit10162019.htm,EX-10.16,68558
5,EXHIBIT 21.1,a10-kexhibit2112019.htm,https://www.sec.gov/Archives/edgar/data/320193/000032019319000119/a10-kexhibit2112019.htm,EX-21.1,10756
6,EXHIBIT 23.1,a10-kexhibit2312019.htm,https://www.sec.gov/Archives/edgar/data/320193/000032019319000119/a10-kexhibit2312019.htm,EX-23.1,8071
7,EXHIBIT 31.1,a10-kexhibit3112019.htm,https://www.sec.gov/Archives/edgar/data/320193/000032019319000119/a10-kexhibit3112019.htm,EX-31.1,15675
8,EXHIBIT 31.2,a10-kexhibit3122019.htm,https://www.sec.gov/Archives/edgar/data/320193/000032019319000119/a10-kexhibit3122019.htm,EX-31.2,15711
9,EXHIBIT 32.1,a10-kexhibit3212019.htm,https://www.sec.gov/Archives/edgar/data/320193/000032019319000119/a10-kexhibit3212019.htm,EX-32.1,15195
15,,chart-06f17b4ddd9352dc8dc.jpg,https://www.sec.gov/Archives/edgar/data/320193/000032019319000119/chart-06f17b4ddd9352dc8dc.jpg,GRAPHIC,79662
16,,g66145g66i38.jpg,https://www.sec.gov/Archives/edgar/data/320193/000032019319000119/g66145g66i38.jpg,GRAPHIC,10963
NA,Complete submission text file,0000320193-19-000119.txt,https://www.sec.gov/Archives/edgar/data/320193/000032019319000119/0000320193-19-000119.txt, ,12861616
10,XBRL TAXONOMY EXTENSION SCHEMA DOCUMENT,aapl-20190928.xsd,https://www.sec.gov/Archives/edgar/data/320193/000032019319000119/aapl-20190928.xsd,EX-101.SCH,56071
11,XBRL TAXONOMY EXTENSION CALCULATION LINKBASE DOCUMENT,aapl-20190928_cal.xml,https://www.sec.gov/Archives/edgar/data/320193/000032019319000119/aapl-20190928_cal.xml,EX-101.CAL,123668
12,XBRL TAXONOMY EXTENSION DEFINITION LINKBASE DOCUMENT,aapl-20190928_def.xml,https://www.sec.gov/Archives/edgar/data/320193/000032019319000119/aapl-20190928_def.xml,EX-101.DEF,306363
13,XBRL TAXONOMY EXTENSION LABEL LINKBASE DOCUMENT,aapl-20190928_lab.xml,https://www.sec.gov/Archives/edgar/data/320193/000032019319000119/aapl-20190928_lab.xml,EX-101.LAB,878875
14,XBRL TAXONOMY EXTENSION PRESENTATION LINKBASE DOCUMENT,aapl-20190928_pre.xml,https://www.sec.gov/Archives/edgar/data/320193/000032019319000119/aapl-20190928_pre.xml,EX-101.PRE,520951
67,EXTRACTED XBRL INSTANCE DOCUMENT,a10-k20199282019_htm.xml,https://www.sec.gov/Archives/edgar/data/320193/000032019319000119/a10-k20199282019_htm.xml,XML,2774010
