seq,description,document,href,type,size
1,10-Q,ecl-20200507x10q.htm,https://www.sec.gov/Archives/edgar/data/31462/000155837020005691/ecl-20200507x10q.htm,10-Q,4235801
2,EX-10.1,ecl-20200331xex10d1.htm,https://www.sec.gov/Archives/edgar/data/31462/000155837020005691/ecl-20200331xex10d1.htm,EX-10.1,141689
3,EX-15.1,ecl-20200331xex15d1.htm,https://www.sec.gov/Archives/edgar/data/31462/000155837020005691/ecl-20200331xex15d1.htm,EX-15.1,11723
4,EX-31.1,ecl-20200331xex31d1.htm,https://www.sec.gov/Archives/edgar/data/31462/000155837020005691/ecl-20200331xex31d1.htm,EX-31.1,15165
5,EX-31.2,ecl-20200331xex31d2.htm,https://www.sec.gov/Archives/edgar/data/31462/000155837020005691/ecl-20200331xex31d2.htm,EX-31.2,19020
6,EX-32.1,ecl-20200331xex32d1.htm,https://www.sec.gov/Archives/edgar/data/31462/000155837020005691/ecl-20200331xex32d1.htm,EX-32.1,10309
NA,Complete submission text file,0001558370-20-005691.txt,https://www.sec.gov/Archives/edgar/data/31462/000155837020005691/0001558370-20-005691.txt, ,16463199
7,EX-101.SCH,ecl-20200507.xsd,https://www.sec.gov/Archives/edgar/data/31462/000155837020005691/ecl-20200507.xsd,EX-101.SCH,63335
8,EX-101.CAL,ecl-20200507_cal.xml,https://www.sec.gov/Archives/edgar/data/31462/000155837020005691/ecl-20200507_cal.xml,EX-101.CAL,87644
9,EX-101.DEF,ecl-20200507_def.xml,https://www.sec.gov/Archives/edgar/data/31462/000155837020005691/ecl-20200507_def.xml,EX-101.DEF,276077
10,EX-101.LAB,ecl-20200507_lab.xml,https://www.sec.gov/Archives/edgar/data/31462/000155837020005691/ecl-20200507_lab.xml,EX-101.LAB,637597
11,EX-101.PRE,ecl-20200507_pre.xml,https://www.sec.gov/Archives/edgar/data/31462/000155837020005691/ecl-20200507_pre.xml,EX-101.PRE,457194
65,EXTRACTED XBRL INSTANCE DOCUMENT,ecl-20200507x10q_htm.xml,https://www.sec.gov/Archives/edgar/data/31462/000155837020005691/ecl-20200507x10q_htm.xml,XML,4337139
