seq,description,document,href,type,size
1,10-Q,ecl-20170331x10q.htm,https://www.sec.gov/Archives/edgar/data/31462/000155837017003539/ecl-20170331x10q.htm,10-Q,3665816
2,EX-15.1,ecl-20170331ex151fb0a5c.htm,https://www.sec.gov/Archives/edgar/data/31462/000155837017003539/ecl-20170331ex151fb0a5c.htm,EX-15.1,10723
3,EX-31.1,ecl-20170331ex311fc267f.htm,https://www.sec.gov/Archives/edgar/data/31462/000155837017003539/ecl-20170331ex311fc267f.htm,EX-31.1,16320
4,EX-31.2,ecl-20170331ex312588e5c.htm,https://www.sec.gov/Archives/edgar/data/31462/000155837017003539/ecl-20170331ex312588e5c.htm,EX-31.2,15848
5,EX-32.1,ecl-20170331ex3210b91ac.htm,https://www.sec.gov/Archives/edgar/data/31462/000155837017003539/ecl-20170331ex3210b91ac.htm,EX-32.1,9314
NA,Complete submission text file,0001558370-17-003539.txt,https://www.sec.gov/Archives/edgar/data/31462/000155837017003539/0001558370-17-003539.txt, ,13638815
6,EX-101.INS,ecl-20170331.xml,https://www.sec.gov/Archives/edgar/data/31462/000155837017003539/ecl-20170331.xml,EX-101.INS,3786238
7,EX-101.SCH,ecl-20170331.xsd,https://www.sec.gov/Archives/edgar/data/31462/000155837017003539/ecl-20170331.xsd,EX-101.SCH,51968
8,EX-101.CAL,ecl-20170331_cal.xml,https://www.sec.gov/Archives/edgar/data/31462/000155837017003539/ecl-20170331_cal.xml,EX-101.CAL,88941
9,EX-101.DEF,ecl-20170331_def.xml,https://www.sec.gov/Archives/edgar/data/31462/000155837017003539/ecl-20170331_def.xml,EX-101.DEF,210181
10,EX-101.LAB,ecl-20170331_lab.xml,https://www.sec.gov/Archives/edgar/data/31462/000155837017003539/ecl-20170331_lab.xml,EX-101.LAB,531655
11,EX-101.PRE,ecl-20170331_pre.xml,https://www.sec.gov/Archives/edgar/data/31462/000155837017003539/ecl-20170331_pre.xml,EX-101.PRE,376150
