seq,description,document,href,type,size
1,10-Q,unp-20150930x10q.htm,https://www.sec.gov/Archives/edgar/data/100885/000010088515000190/unp-20150930x10q.htm,10-Q,1932065
2,EX-12.(A),unp-20150930ex12a678fc2.htm,https://www.sec.gov/Archives/edgar/data/100885/000010088515000190/unp-20150930ex12a678fc2.htm,EX-12.(A),28542
3,EX-12.(B),unp-20150930ex12b78052f.htm,https://www.sec.gov/Archives/edgar/data/100885/000010088515000190/unp-20150930ex12b78052f.htm,EX-12.(B),28559
4,EX-31.(A),unp-20150930ex31a811f3e.htm,https://www.sec.gov/Archives/edgar/data/100885/000010088515000190/unp-20150930ex31a811f3e.htm,EX-31.(A),18283
5,EX-31.(B),unp-20150930ex31b268f01.htm,https://www.sec.gov/Archives/edgar/data/100885/000010088515000190/unp-20150930ex31b268f01.htm,EX-31.(B),18035
6,EX-32,unp-20150930xex32.htm,https://www.sec.gov/Archives/edgar/data/100885/000010088515000190/unp-20150930xex32.htm,EX-32,14957
NA,Complete submission text file,0000100885-15-000190.txt,https://www.sec.gov/Archives/edgar/data/100885/000010088515000190/0000100885-15-000190.txt, ,7348899
7,EX-101.INS,unp-20150930.xml,https://www.sec.gov/Archives/edgar/data/100885/000010088515000190/unp-20150930.xml,EX-101.INS,1717787
8,EX-101.SCH,unp-20150930.xsd,https://www.sec.gov/Archives/edgar/data/100885/000010088515000190/unp-20150930.xsd,EX-101.SCH,46009
9,EX-101.CAL,unp-20150930_cal.xml,https://www.sec.gov/Archives/edgar/data/100885/000010088515000190/unp-20150930_cal.xml,EX-101.CAL,50546
10,EX-101.DEF,unp-20150930_def.xml,https://www.sec.gov/Archives/edgar/data/100885/000010088515000190/unp-20150930_def.xml,EX-101.DEF,131202
11,EX-101.LAB,unp-20150930_lab.xml,https://www.sec.gov/Archives/edgar/data/100885/000010088515000190/unp-20150930_lab.xml,EX-101.LAB,356495
12,EX-101.PRE,unp-20150930_pre.xml,https://www.sec.gov/Archives/edgar/data/100885/000010088515000190/unp-20150930_pre.xml,EX-101.PRE,299403
