seq,description,document,href,type,size
1,10-Q,ecl-20170630x10q.htm,https://www.sec.gov/Archives/edgar/data/31462/000155837017005778/ecl-20170630x10q.htm,10-Q,5124129
2,EX-10.1(A),ecl-20170630ex101a8e6e9.htm,https://www.sec.gov/Archives/edgar/data/31462/000155837017005778/ecl-20170630ex101a8e6e9.htm,EX-10.1(A),667317
3,EX-10.1(B),ecl-20170630ex101b60441.htm,https://www.sec.gov/Archives/edgar/data/31462/000155837017005778/ecl-20170630ex101b60441.htm,EX-10.1(B),583301
4,EX-10.1(C),ecl-20170630ex101c8ad09.htm,https://www.sec.gov/Archives/edgar/data/31462/000155837017005778/ecl-20170630ex101c8ad09.htm,EX-10.1(C),172382
5,EX-10.1(D),ecl-20170630ex101df5d35.htm,https://www.sec.gov/Archives/edgar/data/31462/000155837017005778/ecl-20170630ex101df5d35.htm,EX-10.1(D),151076
6,EX-15.1,ecl-20170630ex15137c765.htm,https://www.sec.gov/Archives/edgar/data/31462/000155837017005778/ecl-20170630ex15137c765.htm,EX-15.1,10776
7,EX-31.1,ecl-20170630ex311f479f6.htm,https://www.sec.gov/Archives/edgar/data/31462/000155837017005778/ecl-20170630ex311f479f6.htm,EX-31.1,16323
8,EX-31.2,ecl-20170630ex312c77038.htm,https://www.sec.gov/Archives/edgar/data/31462/000155837017005778/ecl-20170630ex312c77038.htm,EX-31.2,15851
9,EX-32.1,ecl-20170630ex321966b0b.htm,https://www.sec.gov/Archives/edgar/data/31462/000155837017005778/ecl-20170630ex321966b0b.htm,EX-32.1,9320
10,GRAPHIC,ecl20170630ex101a8e6e9001.jpg,https://www.sec.gov/Archives/edgar/data/31462/000155837017005778/ecl20170630ex101a8e6e9001.jpg,GRAPHIC,3415
11,GRAPHIC,ecl20170630ex101b60441001.jpg,https://www.sec.gov/Archives/edgar/data/31462/000155837017005778/ecl20170630ex101b60441001.jpg,GRAPHIC,3415
12,GRAPHIC,ecl20170630ex101c8ad09001.jpg,https://www.sec.gov/Archives/edgar/data/31462/000155837017005778/ecl20170630ex101c8ad09001.jpg,GRAPHIC,3415
13,GRAPHIC,ecl20170630ex101df5d35001.jpg,https://www.sec.gov/Archives/edgar/data/31462/000155837017005778/ecl20170630ex101df5d35001.jpg,GRAPHIC,3415
NA,Complete submission text file,0001558370-17-005778.txt,https://www.sec.gov/Archives/edgar/data/31462/000155837017005778/0001558370-17-005778.txt, ,18814355
14,EX-101.INS,ecl-20170630.xml,https://www.sec.gov/Archives/edgar/data/31462/000155837017005778/ecl-20170630.xml,EX-101.INS,4819590
15,EX-101.SCH,ecl-20170630.xsd,https://www.sec.gov/Archives/edgar/data/31462/000155837017005778/ecl-20170630.xsd,EX-101.SCH,56642
16,EX-101.CAL,ecl-20170630_cal.xml,https://www.sec.gov/Archives/edgar/data/31462/000155837017005778/ecl-20170630_cal.xml,EX-101.CAL,89559
17,EX-101.DEF,ecl-20170630_def.xml,https://www.sec.gov/Archives/edgar/data/31462/000155837017005778/ecl-20170630_def.xml,EX-101.DEF,230053
18,EX-101.LAB,ecl-20170630_lab.xml,https://www.sec.gov/Archives/edgar/data/31462/000155837017005778/ecl-20170630_lab.xml,EX-101.LAB,572060
19,EX-101.PRE,ecl-20170630_pre.xml,https://www.sec.gov/Archives/edgar/data/31462/000155837017005778/ecl-20170630_pre.xml,EX-101.PRE,398926
