seq,description,document,href,type,size
1,10-Q,ecl-20180630x10q.htm,https://www.sec.gov/Archives/edgar/data/31462/000155837018006163/ecl-20180630x10q.htm,10-Q,6731315
2,EX-15.1,ecl-20180630ex151f6259c.htm,https://www.sec.gov/Archives/edgar/data/31462/000155837018006163/ecl-20180630ex151f6259c.htm,EX-15.1,11409
3,EX-31.1,ecl-20180630ex311ceea83.htm,https://www.sec.gov/Archives/edgar/data/31462/000155837018006163/ecl-20180630ex311ceea83.htm,EX-31.1,16265
4,EX-31.2,ecl-20180630ex312c422ef.htm,https://www.sec.gov/Archives/edgar/data/31462/000155837018006163/ecl-20180630ex312c422ef.htm,EX-31.2,15642
5,EX-32.1,ecl-20180630ex32181e201.htm,https://www.sec.gov/Archives/edgar/data/31462/000155837018006163/ecl-20180630ex32181e201.htm,EX-32.1,9259
NA,Complete submission text file,0001558370-18-006163.txt,https://www.sec.gov/Archives/edgar/data/31462/000155837018006163/0001558370-18-006163.txt, ,23403855
6,EX-101.INS,ecl-20180630.xml,https://www.sec.gov/Archives/edgar/data/31462/000155837018006163/ecl-20180630.xml,EX-101.INS,6964981
7,EX-101.SCH,ecl-20180630.xsd,https://www.sec.gov/Archives/edgar/data/31462/000155837018006163/ecl-20180630.xsd,EX-101.SCH,63769
8,EX-101.CAL,ecl-20180630_cal.xml,https://www.sec.gov/Archives/edgar/data/31462/000155837018006163/ecl-20180630_cal.xml,EX-101.CAL,89194
9,EX-101.DEF,ecl-20180630_def.xml,https://www.sec.gov/Archives/edgar/data/31462/000155837018006163/ecl-20180630_def.xml,EX-101.DEF,308346
10,EX-101.LAB,ecl-20180630_lab.xml,https://www.sec.gov/Archives/edgar/data/31462/000155837018006163/ecl-20180630_lab.xml,EX-101.LAB,625459
11,EX-101.PRE,ecl-20180630_pre.xml,https://www.sec.gov/Archives/edgar/data/31462/000155837018006163/ecl-20180630_pre.xml,EX-101.PRE,499806
