seq,description,document,href,type,size
1,10-K,unp-20171231x10k.htm,https://www.sec.gov/Archives/edgar/data/100885/000010088518000048/unp-20171231x10k.htm,10-K,3738197
2,EX-10.(A),unp-20171231xex10_a.htm,https://www.sec.gov/Archives/edgar/data/100885/000010088518000048/unp-20171231xex10_a.htm,EX-10.(A),98779
3,EX-10.(B),unp-20171231xex10_b.htm,https://www.sec.gov/Archives/edgar/data/100885/000010088518000048/unp-20171231xex10_b.htm,EX-10.(B),96752
4,EX-10.(C),unp-20171231xex10_c.htm,https://www.sec.gov/Archives/edgar/data/100885/000010088518000048/unp-20171231xex10_c.htm,EX-10.(C),92512
5,EX-10.(D),unp-20171231xex10_d.htm,https://www.sec.gov/Archives/edgar/data/100885/000010088518000048/unp-20171231xex10_d.htm,EX-10.(D),127256
6,EX-10.(E),unp-20171231xex10_e.htm,https://www.sec.gov/Archives/edgar/data/100885/000010088518000048/unp-20171231xex10_e.htm,EX-10.(E),294411
7,EX-12,unp-20171231xex12.htm,https://www.sec.gov/Archives/edgar/data/100885/000010088518000048/unp-20171231xex12.htm,EX-12,56482
8,EX-21,unp-20171231xex21.htm,https://www.sec.gov/Archives/edgar/data/100885/000010088518000048/unp-20171231xex21.htm,EX-21,6381
9,EX-23,unp-20171231xex23.htm,https://www.sec.gov/Archives/edgar/data/100885/000010088518000048/unp-20171231xex23.htm,EX-23,4113
10,EX-24,unp-20171231xex24.htm,https://www.sec.gov/Archives/edgar/data/100885/000010088518000048/unp-20171231xex24.htm,EX-24,24661
11,EX-31.(A),unp-20171231xex31_a.htm,https://www.sec.gov/Archives/edgar/data/100885/000010088518000048/unp-20171231xex31_a.htm,EX-31.(A),13948
12,EX-31.(B),unp-20171231xex31_b.htm,https://www.sec.gov/Archives/edgar/data/100885/000010088518000048/unp-20171231xex31_b.htm,EX-31.(B),13794
13,EX-32,unp-20171231xex32.htm,https://www.sec.gov/Archives/edgar/data/100885/000010088518000048/unp-20171231xex32.htm,EX-32,15141
14,GRAPHIC,unp-20171231x10kg001.jpg,https://www.sec.gov/Archives/edgar/data/100885/000010088518000048/unp-20171231x10kg001.jpg,GRAPHIC,7448
15,GRAPHIC,unp-20171231x10kg002.jpg,https://www.sec.gov/Archives/edgar/data/100885/000010088518000048/unp-20171231x10kg002.jpg,GRAPHIC,37915
16,GRAPHIC,unp-20171231x10kg003.jpg,https://www.sec.gov/Archives/edgar/data/100885/000010088518000048/unp-20171231x10kg003.jpg,GRAPHIC,268906
17,GRAPHIC,unp-20171231x10kg004.jpg,https://www.sec.gov/Archives/edgar/data/100885/000010088518000048/unp-20171231x10kg004.jpg,GRAPHIC,75615
18,GRAPHIC,unp-20171231x10kg005.jpg,https://www.sec.gov/Archives/edgar/data/100885/000010088518000048/unp-20171231x10kg005.jpg,GRAPHIC,31576
19,GRAPHIC,unp-20171231x10kg006.jpg,https://www.sec.gov/Archives/edgar/data/100885/000010088518000048/unp-20171231x10kg006.jpg,GRAPHIC,28050
20,GRAPHIC,unp-20171231x10kg007.jpg,https://www.sec.gov/Archives/edgar/data/100885/000010088518000048/unp-20171231x10kg007.jpg,GRAPHIC,38214
21,GRAPHIC,unp-20171231x10kg008.jpg,https://www.sec.gov/Archives/edgar/data/100885/000010088518000048/unp-20171231x10kg008.jpg,GRAPHIC,29582
22,GRAPHIC,unp-20171231x10kg009.jpg,https://www.sec.gov/Archives/edgar/data/100885/000010088518000048/unp-20171231x10kg009.jpg,GRAPHIC,37664
23,GRAPHIC,unp-20171231x10kg010.jpg,https://www.sec.gov/Archives/edgar/data/100885/000010088518000048/unp-20171231x10kg010.jpg,GRAPHIC,28853
24,GRAPHIC,unp-20171231x10kg011.jpg,https://www.sec.gov/Archives/edgar/data/100885/000010088518000048/unp-20171231x10kg011.jpg,GRAPHIC,40620
NA,Complete submission text file,0000100885-18-000048.txt,https://www.sec.gov/Archives/edgar/data/100885/000010088518000048/0000100885-18-000048.txt, ,16419462
25,EX-101.INS,unp-20171231.xml,https://www.sec.gov/Archives/edgar/data/100885/000010088518000048/unp-20171231.xml,EX-101.INS,3683895
26,EX-101.SCH,unp-20171231.xsd,https://www.sec.gov/Archives/edgar/data/100885/000010088518000048/unp-20171231.xsd,EX-101.SCH,90183
27,EX-101.CAL,unp-20171231_cal.xml,https://www.sec.gov/Archives/edgar/data/100885/000010088518000048/unp-20171231_cal.xml,EX-101.CAL,97322
28,EX-101.DEF,unp-20171231_def.xml,https://www.sec.gov/Archives/edgar/data/100885/000010088518000048/unp-20171231_def.xml,EX-101.DEF,324500
29,EX-101.LAB,unp-20171231_lab.xml,https://www.sec.gov/Archives/edgar/data/100885/000010088518000048/unp-20171231_lab.xml,EX-101.LAB,662868
30,EX-101.PRE,unp-20171231_pre.xml,https://www.sec.gov/Archives/edgar/data/100885/000010088518000048/unp-20171231_pre.xml,EX-101.PRE,633645
