seq,description,document,href,type,size
1,FY1718 10-K,fy171810-kreport.htm,https://www.sec.gov/Archives/edgar/data/80424/000008042418000055/fy171810-kreport.htm,10-K,4022034
2,THE P&G 2001 STOCK AND INCENTIVE COMPENSATION PLAN,fy171810-kexhibit10x1.htm,https://www.sec.gov/Archives/edgar/data/80424/000008042418000055/fy171810-kexhibit10x1.htm,EX-10.1,100565
3,THE P&G 1992 STOCK PLAN,fy171810-kexhibit10x2.htm,https://www.sec.gov/Archives/edgar/data/80424/000008042418000055/fy171810-kexhibit10x2.htm,EX-10.2,85054
4,THE P&G EXECUTIVE GROUP LIFE INSURANCE POLICY,fy171810-kexhibit10x3.htm,https://www.sec.gov/Archives/edgar/data/80424/000008042418000055/fy171810-kexhibit10x3.htm,EX-10.3,199754
5,THE P&G 1993 NON-EMPLOYEE DIRECTORS' STOCK PLAN,fy171810-kexhibit10x5.htm,https://www.sec.gov/Archives/edgar/data/80424/000008042418000055/fy171810-kexhibit10x5.htm,EX-10.5,36016
6,THE P&G 2003 NON-EMPLOYEE DIRECTORS' STOCK PLAN,fy171810-kexhibit10x8.htm,https://www.sec.gov/Archives/edgar/data/80424/000008042418000055/fy171810-kexhibit10x8.htm,EX-10.8,86060
7,SUMMARY OF THE COMPANY'S SHORT TERM ACHIEVEMENT REWARD PROGRAM,fy171810-kexhibit10x10.htm,https://www.sec.gov/Archives/edgar/data/80424/000008042418000055/fy171810-kexhibit10x10.htm,EX-10.10,27795
8,THE GILLETTE CO. 2004 LONG-TERM INCENTIVE PLAN,fy171810-kexhibit10x13.htm,https://www.sec.gov/Archives/edgar/data/80424/000008042418000055/fy171810-kexhibit10x13.htm,EX-10.13,285425
9,SENIOR EXECUTIVE RECOUPMENT POLICY,fy171810-kexhibit10x19.htm,https://www.sec.gov/Archives/edgar/data/80424/000008042418000055/fy171810-kexhibit10x19.htm,EX-10.19,6414
10,THE P&G 2009 STOCK AND INCENTIVE COMPENSATION PLAN,fy171810-kexhibit10x21.htm,https://www.sec.gov/Archives/edgar/data/80424/000008042418000055/fy171810-kexhibit10x21.htm,EX-10.21,403242
11,COMPUTATION OF RATIO OF EARNINGS TO FIXED CHARGES,fy171810-kexhibit12.htm,https://www.sec.gov/Archives/edgar/data/80424/000008042418000055/fy171810-kexhibit12.htm,EX-12,43607
12,SUBSIDIARIES OF THE REGISTRANT,fy171810-kexhibit21.htm,https://www.sec.gov/Archives/edgar/data/80424/000008042418000055/fy171810-kexhibit21.htm,EX-21,146937
13,CONSENT OF INDEPENDENT REGISTERED PUBLIC ACCOUNTING FIRM,fy171810-kexhibit23.htm,https://www.sec.gov/Archives/edgar/data/80424/000008042418000055/fy171810-kexhibit23.htm,EX-23,29116
14,RULE 13A-14(A)/15D-14(A) CERTIFICATIONS,fy171810-kexhibit31.htm,https://www.sec.gov/Archives/edgar/data/80424/000008042418000055/fy171810-kexhibit31.htm,EX-31,25185
15,SECTION 1350 CERTIFICATIONS,fy171810-kexhibit32.htm,https://www.sec.gov/Archives/edgar/data/80424/000008042418000055/fy171810-kexhibit32.htm,EX-32,12316
16,SUMMARY OF DIRECTORS AND OFFICERS INSURANCE PROGRAM,fy171810-kexhibit99x1.htm,https://www.sec.gov/Archives/edgar/data/80424/000008042418000055/fy171810-kexhibit99x1.htm,EX-99.1,1949
22,FY1718 10-K DIVIDENDS GRAPH,fy171810kdividendsgraph.jpg,https://www.sec.gov/Archives/edgar/data/80424/000008042418000055/fy171810kdividendsgraph.jpg,GRAPHIC,37971
23,FY1718 10-K TSR GRAPH,fy171810ktsrgraph.jpg,https://www.sec.gov/Archives/edgar/data/80424/000008042418000055/fy171810ktsrgraph.jpg,GRAPHIC,43771
NA,Complete submission text file,0000080424-18-000055.txt,https://www.sec.gov/Archives/edgar/data/80424/000008042418000055/0000080424-18-000055.txt, ,19616337
17,XBRL TAXONOMY EXTENSION SCHEMA DOCUMENT,pg-20180630.xsd,https://www.sec.gov/Archives/edgar/data/80424/000008042418000055/pg-20180630.xsd,EX-101.SCH,88575
18,XBRL TAXONOMY EXTENSION CALCULATION LINKBASE DOCUMENT,pg-20180630_cal.xml,https://www.sec.gov/Archives/edgar/data/80424/000008042418000055/pg-20180630_cal.xml,EX-101.CAL,153689
19,XBRL TAXONOMY EXTENSION DEFINITION LINKBASE DOCUMENT,pg-20180630_def.xml,https://www.sec.gov/Archives/edgar/data/80424/000008042418000055/pg-20180630_def.xml,EX-101.DEF,647494
20,XBRL TAXONOMY EXTENSION LABEL LINKBASE DOCUMENT,pg-20180630_lab.xml,https://www.sec.gov/Archives/edgar/data/80424/000008042418000055/pg-20180630_lab.xml,EX-101.LAB,1192213
21,XBRL TAXONOMY EXTENSION PRESENTATION LINKBASE DOCUMENT,pg-20180630_pre.xml,https://www.sec.gov/Archives/edgar/data/80424/000008042418000055/pg-20180630_pre.xml,EX-101.PRE,815457
24,EXTRACTED XBRL INSTANCE DOCUMENT,fy171810-kreport_htm.xml,https://www.sec.gov/Archives/edgar/data/80424/000008042418000055/fy171810-kreport_htm.xml,XML,4023723
